date,firm,n,sd,source,FPOE,GRUENE,NEOS,OEVP,SPOE,TS,Jetzt
2013-10-03,Gallup,400.0,"0,049",http://www.oe24.at/oesterreich/nationalratswahl2013/SPOe-und-NEOS-legen-zu-Stronach-verliert/117976711,21,13,7,23,28,,
2013-10-17,Gallup,400.0,"0,049",,22,13,8,23,28,,
2013-10-20,Market,603.0,"0,04",http://derstandard.at/1381369204117/Wuerde-jetzt-gewaehlt-waere-FPOe-so-stark-wie-SPOe,25,12,7,23,25,,
2013-10-25,Gallup,400.0,"0,049",http://oe24.at,22,13,8,24,27,,
2013-10-26,Karmasin,500.0,"0,043",http://goo.gl/ETWTEX,23,12,8,23,26,,
2013-10-27,Market,603.0,"0,04",http://derstandard.at/1381370029170/SP-und-VP-verlieren-doch-ihre-Koalition-gilt-als-gut,24,12,8,23,25,,
2013-11-08,Karmasin,800.0,"0,034",http://epaper.heute.at/#/documents/131108_HEU/4,22,12,9,23,27,,
2013-11-16,Gallup,400.0,"0,049",,23,14,9,23,26,,
2013-11-23,Karmasin,500.0,"0,043",,23,14,9,23,26,,
2013-11-24,Market,446.0,"0,046",http://www.format.at/articles/1347/930/369804/sonntagsfrage-fpoe-partei-strache-kanzler,25,13,9,22,23,,
2013-11-29,Gallup,400.0,"0,049",http://www.xn--sterreich-z7a.at/nachrichten/Umfrage-FPOe-jetzt-Zweiter/123429511,23,15,10,22,25,,
2013-12-06,Market,403.0,"0,048",http://derstandard.at/1385170166763/Bei-Neuwahl-kaeme-FPOe-auf-ersten-Platz,25,13,10,21,23,3,
2013-12-12,Hajek,500.0,"0,043",http://www.ots.at/touch/presseaussendung/OTS_20131212_OTS0030,26,14,11,20,23,,
2013-12-14,Gallup,400.0,"0,049",http://www.xn--sterreich-z7a.at/nachrichten/71-Prozent-mit-Regierung-unzufrieden/124886716,24,15,10,21,24,,
2013-12-21,Gallup,400.0,"0,049",http://www.xn--sterreich-z7a.at/nachrichten/Regierung-78-sind-unzufrieden/125464060,24,15,11,20,24,,
2013-12-22,Market,405.0,"0,049",http://derstandard.at/1385171979834/Regierungskurs-unbeliebter-als-Schwarz-Blau-2003,26,12,11,20,24,,
2014-01-12,Gallup,400.0,"0,049",http://m.oe24.at/oesterreich/politik/VP-legt-ueberall-zu-nur-Spindi-faellt-ab/127512417,24,14,12,21,24,1,
2014-01-15,meinungsraum.at,500.0,"0,043",http://www.news.at/a/umfrage-oevp-absturz,26,12,12,19,26,1,
2014-01-17,Gallup,400.0,"0,049",http://www.xn--sterreich-z7a.at/nachrichten/Sensation-FPOe-neue-Nummer-1/128244450,25,14,12,20,24,1,
2014-01-18,IMAS,1000.0,"0,031",http://krone.at,25,13,7,23,25,2,
2014-01-19,Market,403.0,"0,048",http://mobil.derstandard.at/1389857548888/Nach-Parteistreit-Spindelegger-und-OeVP-im-Umfragetief,26,12,11,20,23,,
2014-01-30,Gallup,400.0,"0,049",http://www.xn--sterreich-z7a.at/nachrichten/Sonntagsfrage-FPOe-baut-Platz-1-aus/130252213,25,14,15,19,23,,
2014-02-14,Gallup,400.0,"0,049",http://www.xn--sterreich-z7a.at/nachrichten/Strache-ist-ueberall-vorne/132410678,24,14,14,19,22,,
2014-03-07,Gallup,400.0,"0,049",,24,14,13,20,23,,
2014-03-11,Market,401.0,"0,048",http://derstandard.at/1392687897289/Neos-sind-gleichauf-mit-den-Gruenen,27,13,13,19,22,2,
2014-03-13,Hajek,1000.0,"0,031",http://atv.at/binaries/asset/download_assets/4418155/file,27,12,13,20,24,1,
2014-03-15,IMAS,,,http://www.krone.at/Oesterreich/Hypo-Irrsinn_macht_FPOe_zur_klaren_Nummer_eins-Laut_IMAS-Umfrage-Story-397100,26,11,10,21,24,"2,5",
2014-03-20,meinungsraum.at,800.0,"0,034",,27,12,14,18,24,1,
2014-03-23,Gallup,400.0,"0,049",,24,14,14,20,22,,
2014-03-30,Gallup,400.0,"0,049",http://m.oe24.at/oesterreich/politik/Umfrage-nach-100-Tagen-SP-FP-gleichauf/137794111,24,14,14,19,24,,
2014-04-06,OGM,776.0,"0,035",http://kurier.at/politik/inland/kurier-ogm-umfrage-neos-ueberholen-gruene-fpoe-haengt-die-oevp-ab/59.329.249,24,12,13,21,26,2,
2014-04-12,Gallup,400.0,"0,049",http://m.oe24.at/oesterreich/politik/Klare-Umfrage-Wende-bei-EU-Wahl/139442111,23,14,14,20,24,,
2014-04-16,IMAS,1000.0,"0,031",http://www.krone.at/Politik/Moelzer-Wirbel_kostet_FPOe_Platz_eins-SPOe_wieder_vorne-Story-400989,23,13,12,22,26,,
2014-04-21,Market,405.0,"0,048",http://derstandard.at/1397521198569/Jeder-Vierte-will-bei-Europawahl-eine-andere-Partei-waehlen,27,12,13,19,22,2,
2014-05-01,Gallup,400.0,"0,049",,24,13,14,20,24,,
2014-05-10,Gallup,400.0,"0,049",http://www.oe24.at/oesterreich/politik/NR-Wahl-Strache-ist-jetzt-an-der-Spitze/142670962,25,13,13,20,24,,
2014-05-28,Gallup,400.0,"0,049",http://www.xn--sterreich-z7a.at/nachrichten/FPOe-zieht-davon-NEOS-verlieren/145052015,26,14,11,21,25,,
2014-06-06,Unique Research,500.0,"0,043","http://www.heute.at/news/politik/art23660,1025996",26,13,11,22,24,1,
2014-06-08,Hajek,1000.0,"0,031",http://atv.at/oesterreichtrend/,27,11,13,20,25,1,
2014-06-10,Market,400.0,"0,049",http://www.market.at/de/market-aktuell/politik-aktuell/593.html,27,15,11,19,22,2,
2014-06-13,IMAS,,,http://www.krone.at/Politik/SPOe_voran._schwaechelnde_OeVP_hinter_FPOe_auf_Platz_3-IMAS-Umfrage-Story-407862,24,13,8,23,27,,
2014-06-14,Unique Research,500.0,"0,043",http://www.ots.at/touch/presseaussendung/OTS_20140614_OTS0005,28,13,10,21,25,1,
2014-06-18,Gallup,400.0,"0,049",http://www.oe24.at/oesterreich/politik/FPOe-zieht-bei-Nationalratswahl-davon/147625683,27,14,9,21,25,,
2014-06-21,OGM,796.0,"0,034",http://kurier.at/politik/inland/faymanns-kanzlerbonus-ist-weg-spindelegger-nur-auf-platz-3/71.382.948,25,13,10,22,26,1,
2014-06-26,meinungsraum.at,800.0,"0,034",http://www.ots.at/presseaussendung/OTS_20140626_OTS0121/meinungsraumat-umfrage-fpoe-klare-nummer-1,28,14,10,19,23,2,
2014-07-05,Gallup,400.0,"0,049",http://www.oe24.at/oesterreich/politik/OeSTERREICH-Umfrage-FPOe-liegt-weiter-vor-SPOe-auf-Platz-eins/149813061,27,14,9,20,26,,
2014-07-12,Unique Research,500.0,"0,043",http://www.profil.at/articles/1428/980/376709/umfrage-fpoe-nummer,28,12,11,21,24,2,
2014-07-13,Market,403.0,"0,048",http://derstandard.at/2000003012736/Nur-53-Prozent-wissen-wie-sich-die-Regierung-zusammensetzt,27,15,11,18,22,2,
2014-07-18,Gallup,400.0,"0,049",http://m.oe24.at/oesterreich/politik/Umfrage-Opposition-ueberholt-Regierung/151246121,27,15,10,20,25,,
2014-08-02,Gallup,400.0,"0,049",http://m.oe24.at/oesterreich/politik/FPOe-schon-vier-Prozent-vor-SPOe/152915078,28,14,10,19,24,1,
2014-08-09,Gallup,400.0,"0,049",http://www.ots.at/presseaussendung/OTS_20140809_OTS0002/profil-umfrage-fpoe-weiter-nummer-eins-oevp-nur-noch-19,28,14,10,19,25,1,
2014-08-09,Unique Research,500.0,"0,043",http://www.ots.at/presseaussendung/OTS_20140809_OTS0002/profil-umfrage-fpoe-weiter-nummer-eins-oevp-nur-noch-19,29,13,10,19,25,2,
2014-08-16,IMAS,1000.0,"0,031",http://www.krone.at/Oesterreich/Faymann-SPOe_in_Umfrage_wieder_auf_Platz_eins-Strache_Zweiter-Story-415857,24,14,8,22,26,"1,5",
2014-08-22,Gallup,400.0,"0,049",http://www.oe24.at/oesterreich/politik/Heisser-Herbst-fuer-Spindelegger/155078294,27,14,11,19,25,1,
2014-08-26,Market,401.0,"0,048",http://derstandard.at/2000004805786/Koalitionsparteien-erreichen-zusammen-nur-42-Prozent,28,14,10,19,23,1,
2014-08-30,Gallup,400.0,"0,049",http://www.oe24.at/oesterreich/politik/Heisses-Duell-um-Kanzler/155974508,28,15,10,19,25,1,
2014-09-04,Unique Research,800.0,"0,034",http://www.oe24.at/oesterreich/politik/Mitterlehner-bei-Kanzler-Frage-vorne/156671076,26,11,10,24,25,2,
2014-09-04,Gallup,400.0,"0,049",http://www.oe24.at/oesterreich/politik/Mitterlehner-bei-Kanzler-Frage-vorne/156671076,28,15,9,20,25,1,
2014-09-13,Gallup,400.0,"0,049",http://www.profil.at/articles/1437/980/377956/umfrage-spoe-oevp-fpoe-mitterlehner-faymann,27,15,9,21,25,1,
2014-09-13,Unique Research,500.0,"0,043",http://www.profil.at/articles/1437/980/377956/umfrage-spoe-oevp-fpoe-mitterlehner-faymann,26,12,9,25,25,2,
2014-09-18,Gallup,400.0,"0,049",http://www.oe24.at/oesterreich/politik/Mitterlehner-Effekt-bringt-OeVP-starken-Zugewinn/158326784,26,15,8,23,25,,
2014-09-19,AKonsult,600.0,"0,04",http://www.meinbezirk.at/land-oesterreich/politik/polit-umfrage-fpoe-nun-vor-spoe-und-oevp-d1086065.html,26,14,9,24,25,2,
2014-09-25,Hajek,1000.0,"0,031",http://atv.at/dynamic/get_asset.php?a=cms%2Fmedia_items%2Fbinary_file%2F182115.PDF&d=download&f=Analyse+%C3%96sterreich+Trend+Sonntagsfrage.PDF&h=c23431cd35b5c035a2bb292f617a817ee5b037db,26,13,9,24,24,3,
2014-10-02,Gallup,400.0,"0,049",http://www.oe24.at/oesterreich/politik/OeSTERREICH-Umfrage-Dreikampf-um-Platz-eins/159897699,26,15,8,24,25,,
2014-10-10,Gallup,400.0,"0,049",,26,14,8,24,25,,
2014-10-10,Market,404.0,"0,048",http://derstandard.at/2000006698660/OeVP-holt-unter-Mitterlehner-leicht-auf,26,16,10,21,22,,
2014-10-18,Unique Research,500.0,"0,043",http://www.profil.at/articles/1442/980/378221/umfrage-spoe-oevp-fpoe,26,12,9,25,25,2,
2014-10-19,IMAS,,,http://www.krone.at/Oesterreich/OeVP_Mit_Mitterlehner_Umfragetief_ueberwunden-Dreikampf_um_Platz_1-Story-423751,24,13,8,24,25,2,
2014-10-23,Gallup,400.0,"0,049",,25,14,8,24,25,,
2014-10-23,meinungsraum.at,800.0,"0,034",,26,12,9,25,25,1,
2014-10-31,Gallup,,,http://m.oe24.at/oesterreich/politik/Sonntagsfrage-Jetzt-sind-alle-auf-Platz-1/163497908,26,14,6,25,25,,
2014-11-14,Gallup,400.0,"0,049",,24,14,7,25,25,,
2014-11-15,Unique Research,500.0,"0,043",http://www.profil.at/articles/1446/980/378477/umfrage-spoe-oevp-mitterlehner-kanzlerfrage-faymann,26,12,7,27,27,1,
2014-11-22,OGM,806.0,"0,034",http://neuwal.com/wahlumfragen/images/screenshots/20141123.kurier.png,25,14,7,27,25,1,
2014-11-23,Market,447.0,"0,046",http://mobil.derstandard.at/2000008524574/Faymann-und-die-SPOe-vor-Parteitag-im-Umfrage-Tief,25,16,9,23,22,1,
2014-11-27,Gallup,400.0,"0,049",http://www.news.at/a/spoe-umfrage-tief-vor-parteitag,25,14,7,25,25,,
2014-11-27,Hajek,1000.0,"0,031",http://www.news.at/a/spoe-umfrage-tief-vor-parteitag,26,12,7,28,24,1,
2014-11-27,meinungsraum.at,500.0,"0,043",http://www.news.at/a/spoe-umfrage-tief-vor-parteitag,27,15,7,24,23,1,
2014-12-05,Gallup,400.0,"0,049",http://epaper.heute.at/#/documents/141205_HEU/4,25,14,7,26,24,,
2014-12-05,Unique Research,800.0,"0,034",http://epaper.heute.at/#/documents/141205_HEU/4,25,12,8,28,25,0,
2014-12-18,Gallup,800.0,"0,034",http://www.oe24.at/oesterreich/politik/SPOe-stuerzt-ab-OeVP-zieht-davon/169388023,26,13,7,27,23,,
2014-12-20,IMAS,1000.0,"0,032",http://www.profil.at/articles/1451/980/378723/umfrage-oevp-platz-1-spoe-fpoe,25,14,4,26,26,2,
2014-12-20,Unique Research,500.0,"0,043",http://www.profil.at/articles/1451/980/378723/umfrage-oevp-platz-1-spoe-fpoe,25,12,8,28,25,1,
2014-12-29,AKonsult,602.0,"0,04",http://www.meinbezirk.at/epaper/bezirkszeitung-alsergrund-ausgabe-12015-e19167.html,26,14,8,26,24,1,
2015-01-01,Market,422.0,"0,047",http://kurier.at/politik/inland/ausblick-auf-2015-wahlen-hypo-steuerreform/105.537.404,26,15,8,23,23,1,
2015-01-01,OGM,800.0,"0,034",http://kurier.at/politik/inland/ausblick-auf-2015-wahlen-hypo-steuerreform/105.537.404,26,14,7,26,25,1,
2015-01-09,Gallup,400.0,"0,049",http://www.oe24.at/oesterreich/politik/Umfrage-FPOe-wieder-auf-Platz-1/171913750,27,13,6,26,24,,
2015-01-22,Gallup,400.0,"0,049",http://m.oe24.at/oesterreich/politik/Django-Effekt-ist-verpufft/173672091,26,13,7,25,25,,
2015-01-24,Unique Research,500.0,"0,043",http://www.profil.at/articles/1504/980/378932/umfrage-fpoe-platz-spoe-oevp,28,12,7,26,26,1,
2015-01-31,Gallup,400.0,"0,049",http://www.oe24.at/oesterreich/politik/Kanzlerfrage-Ringen-um-Platz-1/174807786,26,13,7,25,25,,
2015-02-06,Market,405.0,"0,048",http://derstandard.at/2000011391049/Mitterlehner-in-Kanzlerfrage-klar-vor-Faymann,26,15,8,24,22,1,
2015-02-12,meinungsraum.at,500.0,"0,043",http://www.news.at/politik,27,12,7,24,25,1,
2015-02-13,Gallup,400.0,"0,049",http://m.oe24.at/oesterreich/politik/SPOe-wieder-auf-Platz-1/176574614,26,13,7,25,26,,
2015-02-21,Unique Research,500.0,"0,043",,26,12,8,26,26,1,
2015-02-22,IMAS,1000.0,"0,031",,25,14,5,26,27,1,
2015-02-27,Gallup,400.0,"0,049",http://www.oe24.at/oesterreich/politik/Strache-auf-Platz-1/178449125,26,13,8,24,25,,
2015-03-08,Market,458.0,"0,045",http://derstandard.at/2000012654315/Nur-jeder-Fuenfte-glaubt-dass-Regierung-Probleme-im-Griff-hat,27,16,7,23,22,,
2015-03-10,AKonsult,604.0,"0,039",http://www.meinbezirk.at/wien-01-innere-stadt/politik/polit-umfrage-fpoe-mit-27-prozent-vor-spoe-und-oevp-d1273219.html,27,13,6,25,25,,
2015-03-12,Hajek,500.0,"0,043",http://t.co/N4bADs98qR,26,12,7,27,24,2,
2015-03-13,Gallup,400.0,"0,049",http://www.oe24.at/oesterreich/politik/FPOe-gewinnt-SPOe-und-OeVP-stabil/180362506,27,13,7,24,25,,
2015-03-20,Gallup,400.0,,http://www.oe24.at/oesterreich/politik/Steuerreform-Turbo-fuer-Regierung/181258635,26,13,6,25,26,,
2015-03-21,Unique Research,500.0,"0,043",http://www.profil.at/oesterreich/umfrage-mehrheit-keine-entlastung-steuerreform-5567134,24,13,8,26,25,2,
2015-03-27,Unique Research,800.0,"0,034","http://www.heute.at/news/politik/art23660,1139817",24,12,7,27,26,2,
2015-03-29,Market,419.0,"0,047",http://derstandard.at/2000013605940/Steuerreform-bringt-Koalition-leichtes-Umfrage-Plus,26,15,6,24,23,1,
2015-04-01,Gallup,400.0,"0,049",http://www.oe24.at/oesterreich/politik/Umfrage-SPOe-und-OeVP-vor-FPOe/182998316,25,12,7,26,26,,
2015-04-10,Gallup,400.0,"0,049",http://www.oe24.at/oesterreich/politik/Dreikampf-um-Platz-1/184103751,25,13,6,26,26,,
2015-04-17,Gallup,400.0,"0,049",http://www.oe24.at/oesterreich/politik/Drei-Parteien-an-Spitze/184888771,26,12,6,26,26,,
2015-04-18,IMAS,1000.0,,,25,13,5,27,28,1,
2015-04-25,Unique Research,500.0,,http://www.profil.at/oesterreich/umfrage-spoe-fpoe-faymann-strache-5619926,26,14,6,24,27,2,
2015-05-10,Gallup,400.0,"0,049",http://www.oe24.at/oesterreich/politik/Strache-bedroht-Faymann-Haeupl/187806387,26,13,6,25,26,,
2015-05-14,Gallup,400.0,"0,049",http://m.oe24.at/oesterreich/politik/Strache-jetzt-allein-an-der-Spitze/188372424,26,14,6,25,25,,
2015-05-21,Unique Research,500.0,"0,043",http://www.profil.at/oesterreich/umfrage-fpoe-vor-spoe-und-oevp-5655059,27,13,6,25,26,1,
2015-05-30,Gallup,400.0,"0,049",http://www.oe24.at/oesterreich/politik/Umfrage-Strache-zieht-davon/190468310,27,13,5,25,26,,
2015-06-04,Gallup,400.0,"0,049",http://www.oe24.at/oesterreich/politik/Nach-Wahltriumpf-zieht-FPOe-weit-davon/191025423,28,13,6,24,25,,
2015-06-06,Market,400.0,"0,049",http://derstandard.at/2000017015160/FPOe-fuenf-Prozentpunkte-vor-den-einzelnen-Koalitionsparteien,28,15,6,23,23,1,
2015-06-10,Hajek,500.0,"0,043",http://www.ots.at/presseaussendung/OTS_20150611_OTS0069/atv-oesterreich-trend-fpoe-klar-auf-platz-1-43-halten-strache-partei-fuer-regierungsfaehig,28,15,6,25,23,1,
2015-06-15,IMAS,1000.0,"0,031",http://www.krone.at/Oesterreich/SPOe._OeVP_und_FPOe_Parteien_erstmals_gleich_stark-Sonntagsfrage-Story-458021,26,14,4,26,26,1,
2015-06-19,Gallup,400.0,"0,049",http://www.oe24.at/oesterreich/politik/FPOe-zieht-allen-davon/192913403,28,15,5,24,24,,
2015-06-20,Unique Research,500.0,"0,043",http://www.profil.at/oesterreich/umfrage-fpoe-an-erster-stelle-5711900,28,15,7,24,23,1,
2015-06-23,IFES,1000.0,"0,031",http://kurier.at/politik/inland/angst-vor-abstieg-hat-den-mittelstand-erfasst/137.853.124,27,16,4,23,24,,
2015-06-26,Unique Research,800.0,"0,034",http://epaper.heute.at/#/documents/150626_HEU/6,29,15,6,23,24,1,
2015-07-03,Gallup,400.0,"0,049",http://www.oe24.at/oesterreich/politik/FP-wuerde-bei-Wahl-siegen/194755609,28,15,6,24,23,,
2015-07-12,IMAS,1000.0,,,27,13,4,26,26,2,
2015-07-17,Gallup,400.0,"0,049",http://www.oe24.at/oesterreich/politik/Strache-zieht-weiter-davon/196552684,29,15,7,22,23,,
2015-07-25,Unique Research,500.0,"0,043",http://www.profil.at/oesterreich/umfrage-fpoe-strache-5773301,30,13,8,23,24,1,
2015-07-31,Gallup,400.0,"0,049",http://www.oe24.at/oesterreich/politik/FPOe-Affaere-schadet-Strache-nicht/198426162,29,14,7,23,23,,
2015-08-19,Market,400.0,"0,049",http://derstandard.at/2000020801434/Zwei-Drittel-sehen-Oesterreich-auf-falschem-Kurs,29,16,6,22,23,1,
2015-08-21,Gallup,400.0,"0,049",http://www.oe24.at/oesterreich/politik/Strache-klar-vorn-SPOe-holt-aber-auf/201217756,29,13,8,23,24,,
2015-08-22,Unique Research,500.0,"0,043",http://www.profil.at/oesterreich/umfrage-fpoe-erster-5822911,31,13,7,23,22,,
2015-08-23,IMAS,1000.0,"0,031",http://www.krone.at/Politik/Die_drei_Kopf_an_Kopf._Stronach._NEOS_zerbroeseln-IMAS-Umfrage-Story-468424,26,13,5,26,26,2,
2015-09-05,Gallup,400.0,"0,049",http://www.oe24.at/oesterreich/politik/FPOe-erstmals-bei-30Prozent/202956050,30,13,6,22,25,,
2015-09-18,Gallup,400.0,"0,049",http://www.oe24.at/oesterreich/politik/Umfrage-SPOe-stabil-FPOe-zieht-weg/204809487,32,12,6,21,25,,
2015-09-19,Unique Research,500.0,"0,043",http://www.ots.at/presseaussendung/OTS_20150919_OTS0002/profil-umfrage-jeder-dritte-wuerde-fpoe-waehlen,33,14,6,21,23,,
2015-09-20,Market,400.0,"0,049",http://derstandard.at/2000022497300/Fluechtlingsthema-katapultiert-Strache-auf-Platz-eins,32,15,4,23,22,1,
2015-10-01,Gallup,400.0,"0,049",http://www.oe24.at/oesterreich/politik/Platz-1-FPOe-schon-bei-33-Prozent/206594836,33,13,6,20,24,,
2015-10-15,Gallup,400.0,"0,049",http://www.oe24.at/oesterreich/politik/Strache-ist-nicht-zu-stoppen/208393113,33,14,7,20,23,,
2015-10-19,Market,416.0,"0,048",http://derstandard.at/2000024078595/Faymann-in-Kanzlerfrage-nur-Dritter,30,15,5,22,24,,
2015-10-22,IMAS,1000.0,"0,031",http://www.krone.at/Politik/Sonntagsfrage_FPOe_schon_klar_vor_SPOe_und_OeVP-Politik_inoffiziell-Story-478348,32,12,5,24,25,1,
2015-10-31,Unique Research,500.0,"0,043",http://www.profil.at/oesterreich/umfrage-fpoe-nummer-strache-fuehrt-kanzlerfrage-5966176,32,15,7,19,24,,
2015-11-05,Gallup,400.0,"0,049",http://www.oe24.at/oesterreich/politik/Umfrage-Strache-laesst-nach/210921577,32,13,7,21,24,,
2015-11-19,Gallup,400.0,"0,049",http://m.oe24.at/oesterreich/politik/FPOe-wieder-im-Aufwind/212741902,33,12,7,21,24,,
2015-11-21,Unique Research,500.0,"0,043",http://www.profil.at/oesterreich/umfrage-fpoe-nummer-6085212,32,13,9,20,22,,
2015-12-17,Gallup,400.0,"0,049",http://m.oe24.at/oesterreich/politik/Koalition-schwaechelt-FPOe-meilenweit-vorn/216486360,33,12,8,21,23,,
2015-12-19,Unique Research,500.0,"0,043",http://www.profil.at/oesterreich/umfrage-oevp-spoe-fpoe-6161464,31,13,8,24,22,,
2015-12-20,IMAS,1000.0,"0,031",http://www.krone.at/Oesterreich/FPOe-Chef_Strache_bleibt_weiter_im_Umfrage-Hoch-Wegen_Fluechtlingen-Story-487756,27,13,5,25,26,1,
2016-01-17,Gallup,400.0,"0,049",http://m.oe24.at/oesterreich/politik/FPOe-zieht-mit-34-klar-davon/220151656,34,11,7,22,22,,
2016-01-23,Unique Research,500.0,"0,043",http://www.profil.at/oesterreich/sonntagsfrage-fpoe-erster-6201750,30,14,8,24,23,,
2016-01-24,Unique Research,800.0,"0,034","http://www.heute.at/news/politik/art23660,1252816",31,13,8,24,22,0,
2016-01-31,Gallup,400.0,"0,049",http://www.oe24.at/oesterreich/politik/FPOe-bleibt-weiter-klar-an-der-Spitze/222169710,33,11,7,23,22,,
2016-02-20,Unique Research,500.0,"0,043",http://www.profil.at/oesterreich/umfrage-fpoe-prozentpunkte-regierungsparteien-6240042,32,12,8,24,23,,
2016-03-07,Market,400.0,"0,049",http://derstandard.at/2000032385128/Koalition-und-ihre-Kandidaten-schwaecheln,32,14,5,22,23,,
2016-03-11,Gallup,400.0,"0,049",http://www.oe24.at/oesterreich/politik/Straches-Blaue-legen-wieder-zu/227409960,33,12,6,23,23,,
2016-03-19,Unique Research,500.0,"0,043",http://www.profil.at/oesterreich/umfrage-fpoe-staerkste-partei-strache-kanzlerfrage-6276388,32,14,6,24,22,,
2016-04-06,Gallup,400.0,"0,049",http://www.oe24.at/oesterreich/politik/Van-der-Bellen-nur-knapp-vor-Hofer/230748681,33,12,5,24,23,,
2016-04-08,Unique Research,800.0,"0,034",http://epaper.heute.at/#/documents/160408_HEU/4,32,14,7,23,23,,
2016-04-09,OGM,1013.0,"0,03",http://atv.at/oesterreichtrend/,31,14,6,23,23,1,
2016-04-09,Hajek,700.0,"0,037",http://atv.at/oesterreichtrend/,32,15,7,22,22,0,
2016-05-12,Gallup,600.0,"0,04",https://www.epaper-oesterreich.at/pdf.act?pdfToken=Fy2uthwHA-go_IhHnwoA6l4YVz3oHEyACdNuqNhOxw45CC6kOJmboJo8DLfLD004av0yFlOamAsAa5a6fnaF_CtTIFmFw5S12NJqJTovaKc7G-JBsQ1ym4ww9m6B5oVYWHJl_d-ul8vBzMd6ApBhCnfnlJrm82lVyfIZ95OOLO0&downloadFileName=2016-05-12_CITY,34,13,7,22,21,,
2016-05-20,Gallup,600.0,"0,04",http://www.oe24.at/oesterreich/politik/Umfrage-Kern-zieht-jetzt-allen-davon/236301401,33,13,6,22,23,,
2016-05-24,Hajek,800.0,"0,034",http://www.ots.at/presseaussendung/OTS_20160522_OTS0023/atv-sonntagsfrage-zur-nationalratswahl-mit-kern-effekt,34,13,8,18,26,,
2016-06-05,Gallup,600.0,"0,04",http://www.oe24.at/oesterreich/politik/Umfrage-zu-Kern-Start-54-sind-zufrieden/238436303,34,13,6,21,24,,
2016-06-10,Gallup,600.0,"0,04",http://www.oe24.at/oesterreich/politik/Kern-Effekt-light-fuer-SPOe/239027342,34,12,6,21,25,,
2016-06-18,Unique Research,500.0,,http://www.ots.at/presseaussendung/OTS_20160618_OTS0006/profil-umfrage-kern-in-kanzlerfrage-voran,34,14,7,19,25,,
2016-06-19,OGM,789.0,"0,035",http://kurier.at/politik/inland/neuwahl-start-statt-neustart/205.222.734,33,12,6,22,25,,
2016-06-26,Hajek,700.0,"0,037",http://atv.at/oesterreichtrend/,35,14,7,18,24,1,
2016-07-09,Gallup,600.0,"0,04",http://www.oe24.at/oesterreich/politik/Umfrage-OeVP-faellt-unter-20-Prozent/242772460,34,12,8,19,25,,
2016-07-16,Unique Research,500.0,"0,043",http://www.profil.at/oesterreich/umfrage-kern-kanzlerfrage-spoe-7176638,35,14,6,20,24,,
2016-07-31,Gallup,600.0,"0,04",,35,12,7,19,25,,
2016-08-12,Gallup,600.0,"0,04",http://www.oe24.at/oesterreich/politik/Umfrage-Duell-der-Koalitionen/247270066,35,11,7,19,25,,
2016-08-20,SORA,824.0,"0,034",http://www.profil.at/oesterreich/umfrage-spoe-oevp-abstand-fpoe-7531722,34,14,4,18,28,,
2016-08-20,Unique Research,500.0,"0,043",http://www.profil.at/oesterreich/umfrage-spoe-oevp-abstand-fpoe-7531722,33,12,7,21,26,,
2016-08-21,Market,400.0,"0,049",http://derstandard.at/2000043147118/68-Prozent-der-Oesterreicher-sehen-das-Land-auf-falschem-Kurs,34,12,8,18,25,1,
2016-08-28,OGM,778.0,"0,035",http://www.oe24.at/oesterreich/politik/Wer-siegt-bei-Neuwahl/249181074,33,12,6,21,26,,
2016-08-28,Gallup,600.0,"0,04",http://www.oe24.at/oesterreich/politik/Wer-siegt-bei-Neuwahl/249181074,35,11,7,20,25,,
2016-09-02,Hajek,700.0,"0,037",http://atv.at/oesterreichtrend/,34,12,6,21,26,0,
2016-09-09,Unique Research,800.0,"0,034",http://www.oe24.at/oesterreich/politik/Umfrage-VdB-holt-auf/250641806,35,12,6,19,26,0,
2016-09-09,Gallup,600.0,"0,04",http://www.oe24.at/oesterreich/politik/Umfrage-VdB-holt-auf/250641806,34,11,7,20,26,,
2016-09-17,Unique Research,500.0,"0,043",http://www.oe24.at/oesterreich/politik/Umfrage-FPOe-zieht-davon/251574387,33,13,7,20,26,,
2016-09-17,Gallup,800.0,"0,034",http://www.oe24.at/oesterreich/politik/Umfrage-FPOe-zieht-davon/251574387,35,11,7,19,26,,
2016-09-25,Gallup,800.0,"0,034",,34,11,7,19,27,,
2016-10-09,Gallup,800.0,"0,034",http://www.oe24.at/oesterreich/politik/Umfrage-Kampf-um-den-1-Platz/254177775,34,12,6,19,27,,
2016-10-15,Unique Research,500.0,"0,043",http://www.profil.at/oesterreich/umfrage-spoe-fpoe-7642265,34,12,6,18,28,,
2016-10-22,Gallup,800.0,"0,034",http://www.oe24.at/oesterreich/politik/Umfrage-Schwarz-stuerzt-ab/257385904,34,12,6,19,27,,
2016-11-04,AKonsult,607.0,"0,039",http://www.meinbezirk.at/land-oesterreich/politik/donald-trump-unten-durch-norbert-hofer-und-fpoe-oben-auf-d1919869.html?cp=Kurationsbox,33,12,7,22,25,1,
2016-11-05,Gallup,800.0,"0,034",http://www.oe24.at/oesterreich/politik/Umfrage-Schwarz-stuerzt-ab/257385904,35,12,6,18,27,,
2016-11-26,Unique Research,500.0,"0,043",http://www.ots.at/presseaussendung/OTS_20161126_OTS0002/profil-umfrage-kanzlerfrage-kerns-hoehenflug-beendet,33,11,8,19,27,,
2016-12-08,Research Affairs,600.0,"0,04",http://www.oe24.at/oesterreich/politik/Trotz-Schlappe-FPOe-klar-auf-Platz-1/261584523,35,13,7,18,26,,
2016-12-10,Gallup,800.0,"0,034",http://www.oe24.at/oesterreich/politik/Hofer-besser-als-Strache/261658295,34,12,6,19,27,,
2016-12-19,Market,415.0,"0,048",http://derstandard.at/2000049506772/Van-der-Bellens-Sieg-nuetzte-den-Gruenen-bisher-nicht,31,12,6,22,25,,
2016-12-31,Unique Research,500.0,"0,043",http://www.profil.at/oesterreich/kanzlerfrage-kern-vorsprung-strache-7916991,34,11,7,19,28,,
2017-01-07,Research Affairs,500.0,"0,043",http://www.oe24.at/oesterreich/politik/Absturz-OeVP-im-Umfrage-Keller/264736058,34,12,7,18,27,,
2017-01-21,Unique Research,500.0,"0,043",https://kurier.at/politik/inland/mehrheit-glaubt-nicht-dass-politik-reformplaene-auch-umsetzen-wird/242.245.176,33,11,8,20,27,,
2017-01-21,OGM,783.0,"0,035",https://kurier.at/politik/inland/mehrheit-glaubt-nicht-dass-politik-reformplaene-auch-umsetzen-wird/242.245.176,33,12,6,20,27,,
2017-01-21,Research Affairs,600.0,"0,04",https://kurier.at/politik/inland/mehrheit-glaubt-nicht-dass-politik-reformplaene-auch-umsetzen-wird/242.245.176,34,11,6,19,28,,
2017-01-25,IMAS,1000.0,"0,031",,29,13,5,25,26,,
2017-01-27,Unique Research,800.0,"0,034","http://www.heute.at/news/politik/Umfrage-SP-nur-mehr-3-hinter-Blauen-VP-stagniert;art23660,1393257",32,12,6,19,29,,
2017-02-02,Research Affairs,602.0,"0,04",http://www.oe24.at/oesterreich/politik/Umfrage-Kern-siegt-im-Koalitions-Poker/268009626,33,10,6,20,29,,
2017-02-16,Research Affairs,602.0,"0,04",http://www.oe24.at/oesterreich/politik/OeVP-mit-Kurz-wuerde-Wahl-gewinnen/269402753,34,11,6,19,28,,
2017-02-18,Unique Research,500.0,"0,043",https://www.profil.at/oesterreich/kanzlerfrage-kern-aufwind-7992415,31,11,6,20,29,,
2017-03-02,Research Affairs,600.0,"0,04",http://www.oe24.at/oesterreich/politik/63-wollen-lieber-Hofer-als-Strache/271303977,33,11,6,19,29,,
2017-03-17,Market,412.0,"0,048",http://derstandard.at/2000054451621/Kern-zieht-SPOe-mit-Kanzlerpartei-mit-FPOe-fast-gleichauf,30,12,6,20,29,1,
2017-03-17,Research Affairs,600.0,"0,04",http://www.oe24.at/oesterreich/politik/Kurz-bremst-Strache-aus/27326589,33,12,6,19,29,,
2017-03-18,Unique Research,500.0,"0,043",https://www.profil.at/oesterreich/umfrage-kanzlerfrage-kern-dominiert-gute-werte-kurz-8037214,31,12,5,22,29,,
2017-03-26,Spectra,1502.0,"0,033","http://www.nachrichten.at/nachrichten/politik/innenpolitik/Politikbarometer-FPOE-und-SPOE-Kopf-an-Kopf;art385,2546334",30,12,4,21,28,1,
2017-03-31,Research Affairs,600.0,"0,04",http://www.oe24.at/oesterreich/politik/Kurz-gewinnt-Duell-gegen-Kern/275922611,33,11,5,20,28,,
2017-04-06,IMAS,1003.0,"0,031",http://www.krone.at/oesterreich/fpoe-oevp-und-spoe-harter-dreikampf-um-platz-eins-kopf-an-kopf-rennen-story-565571,27,14,5,26,26,0,
2017-04-06,GfK,2000.0,"0,025",http://www.tt.com/politik/landespolitik/12833697-91/wieder-mehr-zuspruch-f%C3%BCr-sp%C3%B6-und-%C3%B6vp.csp,"27,5","10,5","4,5","23,5","29,5",,
2017-04-13,Research Affairs,602.0,"0,04",http://www.oe24.at/oesterreich/politik/Umfrage-Kern-und-Strache-Kopf-an-Kopf/277845682,32,9,5,21,30,,
2017-04-25,Unique Research,500.0,"0,044",https://www.profil.at/oesterreich/umfrage-fpoe-gruene-kanzlerfrage-kern-kurz-8100703,32,9,6,23,28,,
2017-04-27,Research Affairs,600.0,"0,04",http://www.oe24.at/oesterreich/politik/Umfrage-Gruene-auf-Talfahrt/280199219,32,8,6,22,29,,
2017-05-05,Market,400.0,"0,049",https://derstandard.at/2000057136951/Umfrage-Mehrheit-gegen-vorgezogene-Wahlen,29,11,7,21,28,1,
2017-05-12,IFES,1200.0,"0,028",http://www.ifes.at/aktuelles/methodische-informationen-zur-ifes-umfrage-kronen-zeitung,26,12,5,28,28,,
2017-05-14,meinungsraum.at,800.0,"0,034",http://meinungsraum.at/2017/05/orf-report-neuwahlen-radio-wien-mai-2017/,26,6,6,32,27,,
2017-05-18,OGM,800.0,"0,034",https://kurier.at/politik/inland/zulasten-der-fpoe-kurz-zieht-oevp-auf-ersten-platz/265.095.487,26,9,4,31,28,,
2017-05-18,Unique Research,800.0,"0,035",http://admin.heute.at/storage/med/pdf/91137_Ergebnisse_Heute_Mai_NRW.pdf?_UNLOCK=cff4a94f1e154a874e,26,8,5,33,26,1,
2017-05-18,Research Affairs,600.0,"0,04",http://www.oe24.at/oesterreich/politik/Plus-14-Prozent-Kurz-Turbo-fuer-OeVP/283539609,26,9,7,35,20,,
2017-05-19,Unique Research,500.0,"0,043",https://www.profil.at/oesterreich/umfrage-liste-kurz-vp-spoe-8154322,26,8,5,33,27,,
2017-05-23,Market,801.0,"0,034",http://derstandard.at/2000058258028/Kanzlerduell-Kurz-gegen-Kern-schmaelert-FPOe-Chancen-auf-Wahlsieg,25,9,5,32,27,,
2017-05-27,Unique Research,500.0,"0,044",https://www.ots.at/presseaussendung/OTS_20170729_OTS0002/profil-umfrage-kurz-baut-vorsprung-aus,22,7,6,33,26,,5
2017-06-02,Research Affairs,600.0,"0,04",https://www.epaper-oesterreich.at/issue.act?mutationShortcut=CITYW&issueDate=20170603&issueId=365805&s=860.7668352884567,26,10,6,34,21,,
2017-06-08,Hajek,704.0,"0,037",https://www.ots.at/presseaussendung/OTS_20170609_OTS0174/atv-oesterreich-trend-kurz-klare-nummer-eins-fpoe-nur-noch-auf-platz-3,24,9,5,34,26,,
2017-06-15,Research Affairs,600.0,"0,04",http://www.oe24.at/oesterreich/politik/Umfrage-Dreikampf-um-den-Kanzler/287822571,26,10,5,33,22,,
2017-06-21,Market,815.0,"0,034",http://derstandard.at/2000059778070/33-26-24-Prozent-OeVP-baut-Vorsprung-vor-SPOe-und,24,9,4,33,26,,
2017-06-23,Unique Research,500.0,"0,044",https://www.profil.at/oesterreich/umfrage-kanzlerfrage-kurz-kern-8203779,25,8,5,32,28,,
2017-06-29,Spectra,1010.0,"0,031","http://www.nachrichten.at/nachrichten/politik/innenpolitik/VP-geht-mit-Kurz-in-Fuehrung-aber-das-Rennen-bleibt-offen;art385,2617376",27,9,5,30,23,2,
2017-06-29,Research Affairs,600.0,"0,047",http://www.researchaffairs.at/Aktuelle-Studien/,25,9,6,33,23,,
2017-07-04,IFES,804.0,"0,039",http://www.ifes.at/ifes-medien/methodische-informationen-zur-sonntagsfrage-kronen-zeitung-9juli,22,8,4,34,31,,
2017-07-12,cmatzka,800.0,"0,035",https://www.news.at/a/aktuelle-umfrage-nationalratswahl-8235835,27,6,5,32,26,,
2017-07-12,GfK,1000.0,"0,031",https://kurier.at/politik/inland/spoe-startet-mit-pech-und-pannen/275.307.045,22,"7,5",5,32,25,,"6,5"
2017-07-14,IMAS,1027.0,"0,03",http://www.krone.at/oesterreich/umfrage-prophezeit-kurz-erdrutschsieg-35-prozent-fuer-oevp-chef-story-579214,24,11,3,35,25,,
2017-07-18,Research Affairs,600.0,"0,04",http://oe24.at/,26,5,6,32,25,,5
2017-07-20,Research Affairs,600.0,"0,04",https://www.epaper-oesterreich.at/issue.act?mutationShortcut=CITYW&issueDate=20170721&issueId=378874&s=987.5901847293518,23,6,5,33,24,,4
2017-07-21,OGM,502.0,"0,043",https://kurier.at/politik/inland/kurier-ogm-umfrage-kurz-fuehrt-kern-und-strache-gleichauf/276.515.353,26,7,5,32,26,,2
2017-08-02,Research Affairs,600.0,"0,04",http://www.oe24.at/oesterreich/politik/Liste-Kurz-zieht-allen-davon/293675773,23,7,5,34,23,,4
2017-08-03,Market,800.0,"0,035",http://derstandard.at/2000062283415/Umfrage-Nur-15-Prozent-glauben-an-einen-Wahlsieg-der-SPOe,24,7,5,33,25,,4
2017-08-04,AKonsult,603.0,"0,04",https://www.meinbezirk.at/land-oesterreich/politik/umfrage-zur-nationalratswahl-oevp-vorn-gruene-hinter-pilz-d2211876.html,25,6,5,32,25,,7
2017-08-08,GfK,1000.0,"0,031",https://kurier.at/politik/inland/wahlkampf-vorsprung-von-sebastian-kurz-verfestigt-sich/280.250.122,22,6,5,32,25,,6
2017-08-15,Research Affairs,600.0,"0,04",http://www.oe24.at/oesterreich/politik/Silberstein-Krimi-FPOe-wieder-auf-Platz-2/295256779,24,7,5,34,22,,5
2017-08-16,Hajek,700.0,"0,037",http://atv.at/oesterreichtrend/,24,5,6,32,27,,4
2017-08-23,Research Affairs,600.0,"0,04",http://www.oe24.at/oesterreich/politik/Kurz-Bester-Start-in-den-Wahlkampf/296698424,23,7,5,33,22,,6
2017-08-25,Unique Research,500.0,"0,043",https://www.profil.at/oesterreich/umfrage-oevp-8278691,23,4,6,33,25,,6
2017-08-30,Unique Research,800.0,"0,034",http://www.heute.at/politik/news/story/9---Vorsprung-fuer-die--VP--Duell-wird-zum-Solo-57390661,23,6,5,33,24,,5
2017-09-01,Research Affairs,400.0,"0,049",http://www.oe24.at/oesterreich/politik/nr-wahl2017/Kurz-ist-die-Nr-1-Rot-Blau-holen-auf/297400441,24,7,5,33,23,,5
2017-09-06,Research Affairs,600.0,"0,043",http://www.oe24.at/oesterreich/politik/wahl2017/Umfrage-Kern-holt-auf/298301747,24,6,5,33,24,,5
2017-09-08,Market,814.0,"0,034",http://derstandard.at/2000063857925/Christian-Kern-und-seine-SPOe-holen-im-Wahlkampf-leicht-auf,24,4,5,33,26,,5
2017-09-09,OGM,805.0,"0,034",https://kurier.at/politik/inland/sebastian-kurz-weiter-vorne-das-rennen-dahinter-total-offen/285.294.798,25,5,5,33,25,,5
2017-09-11,IMAS,1033.0,"0,03",http://www.krone.at/oesterreich/ist-das-wahl-rennen-schon-laengst-gelaufen-kurz-haushoch-vorne-story-588908,24,8,4,34,23,,4
2017-09-14,Research Affairs,600.0,"0,04",http://www.oe24.at/oesterreich/politik/wahl2017/fpoe/Umfrage-Jetzt-holt-Strache-auf/299504703,25,5,5,33,24,,5
2017-09-21,OGM,803.0,"0,034",http://kurier.at/,25,5,5,33,26,,4
2017-09-21,Research Affairs,600.0,"0,04",http://www.oe24.at/oesterreich/politik/wahl2017/pilz/Umfrage-Jetzt-muss-Pilz-zittern/300540416,25,6,6,33,24,,4
2017-09-22,cmatzka,800.0,"0,03",https://www.news.at/a/wahlumfrage-sebastian-kurz-fast-start-ziel-sieg-8339542,25,4,5,32,26,,5
2017-09-22,Unique Research,500.0,"0,043",https://www.profil.at/oesterreich/umfrage-spoe-fpoe-oevp-8328772,24,5,5,33,24,,5
2017-09-26,Spectra,900.0,"0,04","http://www.nachrichten.at/nachrichten/politik/wahl2017/OEVP-geht-als-klare-Nummer-eins-ins-Wahlkampf-Finale;art204165,2692921",27,6,4,33,22,,5
2017-09-28,Research Affairs,1000.0,"0,043",http://www.researchaffairs.at/Aktuelle-Studien/,26,5,6,33,24,,4
2017-09-28,Unique Research,1500.0,"0,025",http://www.heute.at/politik/news/story/Nationalratswahl--sterreich--Die-letzte-Umfrage--So-wuerden-die--sterreicher-waehlen-46947283,25,4,4,34,27,,4
2017-10-03,OGM,1002.0,"0,031",http://kurier.at/,25,4,5,33,27,,4
2017-10-03,Market,813.0,"0,035",http://derstandard.at/2000065491234/Kanzlerpartei-mit-schwachen-Daten,25,5,5,33,23,,6
2017-10-04,Research Affairs,600.0,"0,04",http://www.oe24.at/oesterreich/politik/wahl2017/1-Umfrage-nach-SP-Affaere-Absturz-fuer-Kern-auf-22/302632896,27,6,5,34,22,,4
2017-10-08,Research Affairs,1000.0,"0,031",http://www.oe24.at/oesterreich/politik/wahl2017/oevp/Letzte-Umfrage-vor-der-Wahl/303247208,27,5,6,33,23,,5
2017-11-09,Market,1030.0,"0,03",http://derstandard.at/2000067668158/Umfrage-Grosses-Vertrauen-in-eine-kleine-Koalition,26,4,5,31,28,,4
2017-11-09,Research Affairs,600.0,"0,042",http://www.oe24.at/oesterreich/politik/Umfrage-65-fuer-Tuerkis-Blau-Pilz-fliegt/307966211,27,5,4,33,27,,2
2017-11-17,Unique Research,500.0,"0,043",https://www.profil.at/oesterreich/umfrage-kanzlerfrage-kurz-spitze-8437439,24,6,6,32,28,,2
2017-11-23,Research Affairs,600.0,"0,042",https://www.epaper-oesterreich.at/issue.act?mutationShortcut=CITYW&issueDate=20171203&issueId=418573&s=546.061158793685,27,4,4,32,27,,2
2017-12-06,Market,814.0,"0,035",https://derstandard.at/2000069956841/Kurz-faellt-in-Kanzlerfrage-auf-das-Niveau-von-Kern-zurueck,26,5,6,32,26,,3
2017-12-06,Research Affairs,600.0,"0,042",http://www.oe24.at/oesterreich/politik/78-wollen-Steuerreform-schon-2018/311995513,28,3,5,32,27,,2
2017-12-15,Unique Research,500.0,"0,044",https://www.profil.at/oesterreich/sonntagsfrage-oevp-neos-8576167,26,3,8,31,27,,3
2017-12-20,Market,800.0,"0,035",https://derstandard.at/2000070855353/Wuerde-jetzt-gewaehlt-werden-haette-OeVP-leichten-Rueckenwind,26,4,6,33,27,,2
2017-12-20,Research Affairs,600.0,"0,04",https://www.epaper-oesterreich.at/issue.act?mutationShortcut=CITYW&issueDate=20171224&issueId=425480&s=223.90563421500232,28,3,6,32,26,,2
2017-12-21,Hajek,557.0,"0,042",https://static.atv.cdn.tvnext.tv/dynamic/get_asset.php?a=cms%2Fmedia_items%2Fbinary_file%2F2200927.pdf&d=download&f=Pr%C3%A4sentation_ATV_Dezember_2017_final.pdf&h=c3c42deb1e020909aaeaeed831ba608b38ecf386,26,5,6,31,28,,2
2018-01-10,Research Affairs,1020.0,"0,032",https://twitter.com/PollOfPollsEU/status/951750086370971648,27,4,6,31,27,,2
2018-01-17,Unique Research,500.0,"0,044",https://www.ots.at/presseaussendung/OTS_20180120_OTS0005/profil-umfrage-kanzlerfrage-kurz-legt-deutlich-zu,25,4,6,34,27,,3
2018-01-24,Research Affairs,997.0,"0,032",http://www.oe24.at/oesterreich/politik/Umfrage-1-Daempfer-fuer-Strache/318941738,26,4,6,31,27,,3
2018-02-08,Research Affairs,1001.0,"0,032",http://www.oe24.at/oesterreich/politik/Kurz-kann-Vorsprung-ausbauen/320999804,25,5,6,31,26,,3
2018-02-16,Unique Research,500.0,"0,041",https://www.profil.at/oesterreich/umfrage-kurz-kanzlerfrage-9062225,26,5,7,33,26,,2
2018-02-20,Hajek,726.0,"0,036",https://www.ots.at/presseaussendung/OTS_20180222_OTS0194/atv-oesterreich-trend-38-prozent-wuerden-kurz-direkt-waehlen,25,5,7,34,25,,2
2018-02-21,Research Affairs,1010.0,"0,031",http://www.oe24.at/oesterreich/politik/Polit-Umfrage-Talfahrt-fuer-Strache/323162470,24,5,7,31,26,,3
2018-03-07,Research Affairs,1048.0,"0,028",http://www.oe24.at/oesterreich/politik/Umfrage-Kurz-zieht-Strache-davon/325177316,24,4,6,32,27,,3
2018-03-08,Market,807.0,"0,032",https://derstandard.at/2000075868862/OeVP-legt-laut-Umfragenach-Landtagswahlen-weiter-zu,24,3,8,33,29,,2
2018-03-15,Unique Research,500.0,"0,041",https://www.profil.at/oesterreich/umfrage-regierung-9472705,25,6,7,31,28,,3
2018-03-18,IMAS,2073.0,"0,025",http://www.krone.at/1676163,25,3,7,32,28,,2
2018-03-21,OGM,400.0,"0,051",https://www.ots.at/presseaussendung/OTS_20180323_OTS0160/oesterreicher-mit-regierung-zufrieden-oevp-bei-sonntagsfrage-klar-voran-spoe-legt-etwas-zu,24,5,7,32,28,,3
2018-03-21,Research Affairs,1008.0,"0,031",http://www.oe24.at/oesterreich/politik/Neue-Umfrage-FPOe-stuerzt-ab/327118247,22,5,6,32,28,,3
2018-03-22,Unique Research,800.0,"0,035",http://www.heute.at/politik/news/story/Umfrage-Unique-Research-FPOe-verliert-an-SPOe-kleines-Plus-fuer-OeVP-55337076,23,4,8,32,30,,2
2018-03-29,Market,811.0,"0,032",https://derstandard.at/2000077197138/OeVP-haelt-SPOe-in-Umfrage-weiter-auf-Distanz,25,4,8,32,28,,2
2018-03-31,Spectra,997.0,"0,031","http://www.nachrichten.at/nachrichten/politik/innenpolitik/Schwarz-Blau-haelt-sich-stabil;art385,2893139",29,2,4,31,27,,6
2018-04-04,Research Affairs,1008.0,"0,029",http://www.oe24.at/oesterreich/politik/Strache-stoppt-Absturz-der-FPOe/328865358,23,4,7,32,28,,3
2018-04-13,Unique Research,500.0,"0,041",https://www.profil.at/oesterreich/umfrage-kurz-kanzlerfrage-9886511,24,6,6,33,27,,2
2018-04-18,Research Affairs,1004.0,"0,029",http://www.oe24.at/oesterreich/politik/Die-neue-Umfrage-FPOe-im-Aufwind/330588451,24,5,7,32,27,,2
2018-04-25,Hajek,700.0,"0,037",https://static.atv.cdn.tvnext.tv/dynamic/get_asset.php?a=cms%2Fmedia_items%2Fbinary_file%2F2297645.pptx&d=download&f=Pr%C3%A4sentation_ATV_Apr.18.pptx&h=64aeeb97da307a23d515a26dc8513d685549940a,26,4,8,33,26,,2
2018-05-02,Research Affairs,1005.0,"0,029",http://www.oe24.at/oesterreich/politik/Umfrage-Kern-jagt-jetzt-Kurz/332200874,24,4,7,32,28,,2
2018-05-09,IMAS,1007.0,"0,029",http://www.imas.at/images/wahlforschung/Sonntagsfrage_NRW_April_Mai_2018.pdf,26,5,5,33,28,,2
2018-05-16,Research Affairs,1008.0,"0,035",http://www.oe24.at/oesterreich/politik/Strolz-Aus-schadet-Neos-nuetzt-Gruenen/333936049,23,5,6,32,27,,3
2018-05-25,Unique Research,800.0,"0,032",https://www.profil.at/oesterreich/umfrage-fpoe-spoe-kanzlerfrage-10095567,25,6,7,32,25,,4
2018-05-30,Research Affairs,1003.0,"0,031",http://www.oe24.at/oesterreich/politik/Aktuelle-Umfrage-Kurz-vorn-Krimi-um-Platz-2/335581150,24,5,5,32,26,,3
2018-06-06,Unique Research,800.0,"0,033",http://www.heute.at/politik/news/story/OEVP-unangefochten--Liste-Pilz-pulverisiert-SPOE-FPOE-Gruene-Wahlen-Umfrage-Sebastian-Kurz-Peter-Pilz-Heinz-Christian-Strache-Christian-Kern-49266808,25,4,8,33,27,,1
2018-06-11,Hajek,700.0,"0,035",https://www.ots.at/presseaussendung/OTS_20180615_OTS0170/atv-oesterreich-trend-59-gegen-12-stunden-maximalarbeitszeit-alle-ergebnisse-heute-um-1920-uhr-in-atv-aktuell,25,4,8,34,26,,1
2018-06-13,Research Affairs,1004.0,"0,029",http://www.oe24.at/oesterreich/politik/Aktuelle-Umfrage-Plus-fuer-die-Regierung/337337093,25,5,5,33,26,,2
2018-06-15,Market,800.0,"0,033",https://derstandard.at/2000081937704/Hohe-Zustimmung-zu-Sebastian-Kurz-maessige-zu-Heinz-Christian-Strache,25,5,7,34,26,,2
2018-06-21,Unique Research,800.0,"0,033",https://www.profil.at/oesterreich/umfrage-oevp-spoe-sonntagsfrage-10155022,25,4,7,33,27,,3
2018-06-27,Research Affairs,1004.0,"0,029",http://www.oe24.at/oesterreich/politik/Grosse-Mehrheit-gegen-12-Stunden-Tag/339083372,25,5,6,33,26,,2
2018-06-28,OGM,806.0,"0,032",https://kurier.at/politik/inland/kurz-und-strache-im-stabilen-hoch/400059485,25,5,6,33,28,,2
2018-06-29,Spectra,709.0,"0,036",https://www.nachrichten.at/storage/med/download/287735_52-2750_52-2753_52-2764_Politikbarometer_NRW_2_18.pdf,28,3,4,34,26,,4
2018-07-11,Research Affairs,1008.0,"0,029",http://www.oe24.at/oesterreich/politik/Oesterreicher-mit-Regierung-zufrieden/340915974,24,5,7,33,26,,2
2018-07-13,Unique Research,800.0,"0,034",https://www.profil.at/oesterreich/umfrage-fpoe-sonntagsfrage-10209891,24,4,5,34,29,,2
2018-07-25,Research Affairs,1001.0,"0,029",http://www.oe24.at/oesterreich/politik/Umfrage-Mehrheit-will-lauten-Praesidenten/342587708,24,4,6,33,27,,2
2018-08-08,Research Affairs,1002.0,"0,029",https://www.oe24.at/oesterreich/politik/Neue-Umfrage-Kurz-weiter-klar-vorne/344228082,24,3,7,33,27,,2
2018-08-10,Unique Research,800.0,"0,033",https://www.profil.at/oesterreich/sonntagsfrage-fpoe-10265353,23,4,5,34,29,,2
2018-08-22,Research Affairs,1001.0,"0,029",https://www.oe24.at/oesterreich/politik/1-Umfrage-Kneissl-spaltet-das-Land/345931295,23,3,8,33,26,,3
2018-08-23,Market,800.0,"0,033",https://derstandard.at/2000086088510/FPOe-faellt-in-Sonntagsfrage-leicht-zurueck,23,6,7,33,28,,2
2018-08-29,Peter Hajek,700.0,"0,035",https://static.atv.cdn.tvnext.tv/dynamic/get_asset.php?a=cms%2Fmedia_items%2Fbinary_file%2F2332676.pdf&d=download&f=ATV_OE-Trend_Aug18.pdf&h=22cf4ab23e0ed35e7265a1087de23c3bf560926f,23,4,7,34,28,,3
2018-09-05,Research Affairs,1002.0,"0,029",https://www.oe24.at/oesterreich/politik/Die-naechsten-3-Wahl-Umfragen/347981043,23,3,7,33,27,,3
2018-09-06,Unique Research,800.0,"0,033",http://www.heute.at/asset/original/d/c/d/dcd2d200a26df6bb567cfc1502801085.pdf,23,5,7,33,29,,2
2018-09-13,Unique Research,800.0,"0,033",https://www.profil.at/oesterreich/sonntagsfrage-fpoe-10265353,25,4,7,34,28,,1
2018-09-20,Research Affairs,506.0,"0,041",https://www.ots.at/presseaussendung/OTS_20180921_OTS0189/oesterreich-umfrage-spoe-stuerzt-in-sonntagsfrage-auf-24-ab,24,4,8,34,24,,2
2018-09-27,Market,800.0,"0,033",https://derstandard.at/2000088296566/Wechsel-von-Kern-zu-Rendi-Wagner-hat-SPOe-in-Umfrage,23,5,8,33,28,,2
2018-10-03,Research Affairs,1003.0,"0,029",https://www.oe24.at/oesterreich/politik/Turbo-Start-fuer-Rendi-Wagner/351008112,23,4,7,34,27,,2
2018-10-11,OGM,802.0,"0,033",https://kurier.at/politik/inland/ein-jahr-tuerkis-blau-gute-noten-fuer-regierungsarbeit-und-kanzler-kurz/400145045,26,4,6,34,26,,2
2018-10-12,Unique Research,800.0,"0,033",https://www.profil.at/oesterreich/umfrage-kurz-kanzlerfrage-abstand-10409303,25,5,7,34,26,,2
2018-10-13,GfK,1500.0,"0,024",https://diepresse.com/home/innenpolitik/5512398/Die-Wahl-2017-eine-Zaesur,"23,5",5,7,33,"27,5",,2
2018-10-17,Research Affairs,1001.0,"0,029",https://www.oe24.at/oesterreich/politik/Umfrage-Daempfer-fuer-Rendi/352765477,24,4,7,34,26,,2
2018-10-29,Spectra,708.0,"0,035",https://www.nachrichten.at/storage/med/download/287937_52-2829_Politikbarometer_NRW_Q3-4_18.pdf,26,4,6,33,25,,5
2018-10-30,Research Affairs,1004.0,"0,029",https://www.oe24.at/oesterreich/politik/Umfrage-Beben-FPOe-holt-SPOe-ein/354409087,25,4,7,34,25,,2
2018-10-31,Hajek,1000.0,"0,029",https://www.ots.at/presseaussendung/OTS_20181102_OTS0073/sperrfrist-1920-uhr-atv-oesterreich-trend-oevp-bei-33-spoe-und-fpoe-gleichauf-bei-25-fiktive-kanzlerfrage-rendi-wagner-derzeit-bei-18,25,6,7,33,25,,2
2018-11-14,Research Affairs,1001.0,"0,029",https://www.oe24.at/oesterreich/politik/Umfrage-SPOe-wieder-vor-der-FPOe/356156690,24,5,6,34,25,,3
2018-11-15,Market,803.0,"0,033",https://derstandard.at/2000091665646/Nur-jeder-Zweite-sieht-FPOe-zur-Regierungspartei-gereift,25,5,8,33,26,,2
2018-11-16,Unique Research,800.0,"0,033",https://www.profil.at/oesterreich/umfrage-kurz-kanzlerfrage-strache-rendi-wagner-10470801,24,5,9,35,24,,2
2018-11-28,Research Affairs,1001.0,"0,029",https://www.oe24.at/oesterreich/politik/Neue-Umfrage-SP-tritt-auf-der-Stelle/358057617,24,6,7,34,25,,2
2018-12-06,Unique Research,800.0,"0,036",https://m.heute.at/politik/news/story/49531286,22,6,9,33,26,,3
2018-12-09,GfK,2000.0,"0,021",https://diepresse.com/home/innenpolitik/5546778/58-Prozent-mit-Regierung-zufrieden,"23,5","5,5","7,5",34,26,,"1,5"
2018-12-11,Peter Hajek,800.0,"0,033",https://www.ots.at/presseaussendung/OTS_20181213_OTS0150/atv-oesterreich-trend-jahreszeugnis-fuer-die-regierung-faellt-im-gegensatz-zur-opposition-deutlich-positiv-aus,22,5,9,35,26,,3
2018-12-12,Market,804.0,"0,033",https://derstandard.at/2000093981869/Umfrage-zeigt-Stabilitaet-der-Regierung,24,5,7,34,27,,2
2018-12-12,Research Affairs,1001.0,"0,029",https://www.oe24.at/oesterreich/politik/54-mit-der-Regierung-zufrieden/359789426,24,5,8,34,25,,2
2018-12-14,Unique Research,800.0,"0,033",https://www.profil.at/oesterreich/umfrage-kurz-kanzlerfrage-10536600,22,6,8,35,26,,2
2019-01-09,Research Affairs,1002.0,"0,029",https://www.oe24.at/oesterreich/politik/Umfrage-Wen-wuerden-Sie-waehlen/363211160,24,5,7,34,26,,2
2019-01-11,Unique Research,800.0,"0,033",https://www.profil.at/oesterreich/umfrage-kurz-kanzlerfrage-vorne-10587283,21,6,8,35,27,,2
2019-01-17,OGM,803.0,"0,033",https://www.ots.at/presseaussendung/OTS_20190119_OTS0023/kurier-ogm-umfrage,24,5,7,35,27,,2
2019-01-23,Research Affairs,1002.0,"0,029",https://www.oe24.at/oesterreich/politik/75-fuer-mehr-Abschiebungen/365218781,23,6,7,34,26,,2
2019-02-06,Research Affairs,1002.0,"0,029",https://www.oe24.at/oesterreich/politik/Umfrage-EU-Wahl-wird-zum-Krimi/367140956,23,5,7,34,25,,3
2019-02-08,Demox Research,1000.0,"0,029",https://diepresse.com/home/innenpolitik/5580266/Sonntagsfrage_OeVP-voran-FPOe-verliert-SPOe-stabil,22,5,"8,5",34,27,,"1,5"
2019-02-15,Unique Research,800.0,"0,035",https://www.profil.at/oesterreich/umfrage-oevp-spoe-fpoe-10649408,25,5,8,32,26,,1
2019-02-20,Research Affairs,1005.0,"0,029",https://www.oe24.at/oesterreich/politik/Strache-gewinnt-nach-Papa-Monat/368980577,24,6,7,34,25,,2
2019-02-28,Peter Hajek,800.0,"0,033",https://www.atv.at/oesterreichtrend/,23,6,8,34,27,,1
2019-03-06,Research Affairs,1001.0,"0,029",https://www.oe24.at/oesterreich/politik/Umfrage-Rendi-rutscht-ab-FPOe-schon-Zweite/370910425,24,6,7,34,24,,3
2019-03-07,Unique Research,800.0,"0,033",https://www.heute.at/politik/news/story/Kurz-fliegt-allen-davon--Gruene-wiedergeboren-49512316,24,6,7,33,27,,2
2019-03-15,Unique Research,800.0,"0,033",https://www.profil.at/oesterreich/kanzlerfrage-kurz-10685914,24,5,8,34,25,,2
2019-03-20,Research Affairs,1002.0,"0,029",https://www.oe24.at/oesterreich/politik/Hammer-Umfrage-FPOe-ueberholt-SPOe/372845510,25,5,7,34,24,,3
2019-04-03,Research Affairs,1001.0,"0,029",https://www.oe24.at/oesterreich/politik/Umfrage-Identitaere-schaden-der-FPOe/374872829,23,5,8,34,24,,3
2019-04-11,Demox Research,1500.0,"0,024",https://www.krone.at/1915316,24,6,7,33,27,,2
2019-04-12,Unique Research,800.0,"0,033",https://www.profil.at/oesterreich/kanzlerfrage-kurz-identitaeren-machtwort-10744735,22,5,7,34,28,,2
2019-04-15,Market,803.0,"0,033",https://derstandard.at/2000101856100/Umfrage-Jeder-Zweite-meint-dass-Regierung-die-Gesellschaft-spaltet,22,5,7,34,28,,2
2019-04-17,Research Affairs,1007.0,"0,035",https://www.oe24.at/oesterreich/politik/Run-auf-EU-Wahl-OeVP-klar-vorn-SPOe-holt-auf-FPOe-Dritte/376697495,23,5,9,34,24,,2
2019-05-01,Research Affairs,1002.0,"0,029",https://www.oe24.at/oesterreich/politik/Strache-verliert-Vilimsky-legt-zu/378459795,22,5,9,34,25,,2
2019-05-02,Demox Research,1500.0,"0,024",https://www.krone.at/1915316,22,6,8,34,27,,2
2019-05-15,Research Affairs,1000.0,"0,029",https://www.oe24.at/oesterreich/politik/euwahl2019/Was-bedeutet-Strache-Beben-fuer-EU-Wahl/380609153,23,5,8,34,25,,2
2019-05-20,Research Affairs,500.0,"0,043",https://www.oe24.at/oesterreich/politik/1-Umfrage-FPOe-stuerzt-brutal-ab/380879718,18,5,9,38,26,,2
2019-05-29,OGM,805.0,"0,033",https://www.kleinezeitung.at/politik/innenpolitik/5637834/Kleine-ZeitungUmfrage_Kurz-hebt-ab-SPOe-und-FPOe-stuerzen-ab,21,10,8,36,22,,"1,5"
2019-05-31,Unique Research,954.0,"0,031",https://www.ots.at/presseaussendung/OTS_20190601_OTS0013/sonntagsfrage-klares-stimmungsbild-der-oesterreicher,19,10,10,38,21,,1
2019-05-31,Demox Research,1000.0,"0,03",https://diepresse.com/home/innenpolitik/5637348/Umfrage-sieht-OeVP-weit-voran,"18,5","8,5","10,5","37,5","22,5",,
2019-05-31,Research Affairs,500.0,"0,043",https://www.oe24.at/oesterreich/politik/Wen-waehlen-Sie-Umfrage-Rekord-fuer-Kurz/382648855,17,8,10,38,23,,1
2019-06-04,Research Affairs,1000.0,"0,03",https://www.oe24.at/oesterreich/politik/Umfrage-Beben-59-wollen-Kurz-als-Kanzler/383337152,17,9,9,38,23,,1
2019-06-05,Unique Research,800.0,"0,033",https://www.profil.at/oesterreich/umfrage-oevp-kurz-nationalratswahlen-10813406,21,10,10,37,20,,1
2019-06-06,Market,809.0,"0,033",https://derstandard.at/2000104553538/Umfrage-Nur-Kurz-schlaegt-Bierlein-in-der-Kanzlerfrage,19,10,9,38,22,,1
2019-06-10,SORA,1089.0,"0,029",https://next.derstandard.at/story/2000105103121/sonntagsfrage-sieht-oevp-bei-38-und-gruene-bei-12-prozent,18,12,8,38,21,,1
2019-06-20,Research Affairs,1003.0,"0,03",https://www.oe24.at/oesterreich/politik/Umfrage-OeVP-uneinholbar-vorn/385560050,17,10,8,38,23,,2
2019-06-28,Peter Hajek,800.0,"0,034",https://www.ots.at/presseaussendung/OTS_20190628_OTS0187/sperrfrist-bis-1920-uhr-am-2862019-atv-oesterreich-trend-oevp-bei-sonntagsfrage-und-fiktiver-kanzlerwahl-klar-in-fuehrung,20,11,9,38,20,,1
2019-07-04,Research Affairs,1002.0,"0,03",https://www.oe24.at/oesterreich/politik/Erste-Umfrage-zum-Wahlkampf-Start/387310418,18,11,8,37,22,,2
2019-07-09,Market,807.0,"0,033",https://apps.derstandard.at/privacywall/story/2000106274772/umfrage-56-prozent-sehen-regierung-bierlein-als-gut-fuer-oesterreich,20,11,10,36,21,,1
2019-07-10,IFES (for SPÃ–),936.0,"0,027",https://www.krone.at/1958587,19,11,8,37,23,,1
2019-07-10,Research Affairs,501.0,"0,042",https://www.oe24.at/oesterreich/politik/Umfrage-Kurz-Erster-Gruene-legen-zu/388233441,18,12,8,37,22,,1
2019-07-12,Unique Research,800.0,"0,033",https://www.ots.at/presseaussendung/OTS_20190713_OTS0003/profil-umfrage-kurz-legt-in-kanzlerfrage-deutlich-zu,21,11,9,37,20,,1
2019-07-17,Research Affairs,1002.0,"0,03",https://www.oe24.at/oesterreich/politik/Umfrage-Hoehenflug-fuer-Tuerkis-Blau/389209691,19,12,7,37,22,,1
2019-07-24,Research Affairs,504.0,"0,042",https://www.oe24.at/oesterreich/politik/OeVP-verliert-in-1-Umfrage-nach-Schredder-Affaere/390172372,20,12,7,36,22,,1
2019-07-31,Research Affairs,502.0,"0,042",https://www.epaper-oesterreich.at/pageimage/633864/5/hires.jpg,20,11,8,36,22,,1
2019-08-05,Market,800.0,"0,033",https://www.derstandard.at/story/2000107201201/oesterreichs-wahlberechtigte-verorten-sich-eher-links-der-mitte-waehlen-aber,20,10,10,35,22,,1
2019-08-07,Research Affairs,505.0,"0,042",https://www.oe24.at/video/fellnerlive/Fellner-Live-Die-Umfrage-der-Woche/392104579,20,10,8,36,22,,2
2019-08-14,Research Affairs,506.0,"0,042",https://www.oe24.at/oesterreich/politik/wahl2019/Umfrage-Daempfer-fuer-Kurz-Rendi-Hofer/393202429,19,11,9,35,21,,2
2019-08-14,OGM,812.0,"0,034",https://kurier.at/politik/inland/kurier-ogm-umfrage-oevp-deutlich-vorn-spoe-festigt-platz-zwei/400578569,20,11,8,35,23,,"1,5"
2019-08-21,Research Affairs,505.0,"0,042",https://www.oe24.at/oesterreich/politik/wahl2019/Umfrage-Kurz-klar-vorne-Neos-verlieren/394118824,19,11,8,35,21,,2
2019-08-22,Unique Research,800.0,"0,033",https://www.profil.at/oesterreich/umfrage-spoe-fpoe-10936105,20,12,9,36,20,,1
2019-08-28,Research Affairs,504.0,"0,042",https://www.oe24.at/oesterreich/politik/wahl2019/Umfrage-Grosse-legen-zu/395083748,20,11,8,36,22,,1
2019-09-03,Karmasin,3000.0,"0,017",https://twitter.com/puls24news/status/1169652344465870848,20,12,9,35,21,,1
2019-09-04,Market,800.0,"0,033",https://www.derstandard.at/story/2000108335531/kurz-faellt-in-umfrage-zurueck-oevp-fuehrt-aber-deutlich,21,11,9,34,22,,2
2019-09-04,Research Affairs,504.0,"0,042",https://www.oe24.at/oesterreich/politik/wahl2019/Immer-weniger-fuer-Tuerkis-Blau/396165227,20,11,8,36,22,,1
2019-09-08,Market,803.0,"0,033",http://www.weekend.at/magazin/nationalratswahl-2019-umfrage/64.759.106,21,10,10,34,22,,2
2019-09-11,Research Affairs,1000.0,"0,032",https://www.oe24.at/wahl2019/Umfrage-Check-der-Koalitionen/397582642,19,11,9,35,22,,1
2019-09-11,Karmasin,3000.0,"0,017",https://www.derstandard.at/story/2000108559530/karmasin-umfrage-sieht-spoe-drei-prozentpunkte-vor-fpoe?ref=rss,19,12,9,35,22,,2
2019-09-13,OGM,2167.0,"0,02",https://kurier.at/politik/inland/grosse-kurier-umfrage-oevp-liegt-stabil-bei-35-vor-spoe-mit-22/400605341,20,11,8,35,22,,2
2019-09-13,Unique Research,2402.0,"0,025",https://www.heute.at/s/letzte-umfrage-vor-wahl-kampf-um-platz-2-offen-sonntagsfrage-ovp-spo-fpo-grune-neos-jetzt--58848041,20,13,8,33,22,,"1,5"
2019-09-14,Demox Research,,,https://diepresse.com/home/innenpolitik/nationalratswahl/5689826/Umfragen_Leichter-Rueckgang-fuer-OeVP-Platz-zwei-weiter-umkaempft,21,12,"7,5",34,23,,
2019-09-17,Karmasin,3000.0,"0,017",https://pbs.twimg.com/media/EE14UMTWkAA6khv.jpg,20,13,9,34,22,,1
2019-09-18,Market,806.0,"0,033",https://www.derstandard.at/story/2000108889424/umfrage-sieht-oevp-klar-vor-spoe-und-spoe-vor-fpoe,20,11,8,35,23,,2
2019-09-18,Research Affairs,1000.0,"0,029",https://www.oe24.at/wahl2019/Die-letzte-Umfrage-vor-der-Wahl/398114999,20,12,8,34,23,,2
2019-09-20,Peter Hajek,3021.0,"0,017",https://www.ots.at/presseaussendung/OTS_20190922_OTS0006/sperrfrist-229-2200-uhr-heute-live-die-runde-der-spitzenkandidatinnen-um-2015-uhr-auf-atv-puls-4-und-servustv,20,13,8,34,22,,2
2019-09-22,Research Affairs,1000.0,"0,029",https://www.oe24.at/wahl2019/Letzte-Umfrage-Kopf-an-Kopf-Rennen-um-Platz-zwei/398873611,21,11,8,34,23,,2
2019-09-23,OGM,1006.0,"0,029",https://www.ogm.at/wahlprognose/ogm-wahlprognose-nationalratswahlen-2019/,20,12,8,34,22,,2
