date,institute,source,sample,feldzeit,oevp,spoe,fpoe,gruene,neos,pilz,bzoe,stronach,others
04.01.2006,IMAS,Standard/ORF,2000.0,,39.0,42.0,6.0,11.0,,,2.0,,0.0
11.01.2006,Gallup,Standard/News,400.0,,38.0,41.0,6.0,12.0,,,2.0,,2.0
23.01.2006,OGM,Profil,499.0,,38.0,42.0,6.0,10.0,,,3.0,,1.0
18.02.2006,GFK,Krone,,,39.0,41.0,7.0,11.0,,,3.0,,0.0
20.02.2006,OGM,Profil,501.0,,37.0,41.0,8.0,10.0,,,3.0,,2.0
09.03.2006,Gallup,News,400.0,,38.0,43.0,6.0,12.0,,,1.0,,0.0
13.03.2006,OGM,Profil,500.0,,37.0,41.0,8.0,11.0,,,3.0,,0.0
29.03.2006,Gallup,News,,,38.0,35.0,7.0,10.0,,,2.0,,15.0
03.04.2006,OGM,Profil,504.0,,39.0,39.0,8.0,11.0,,,3.0,,0.0
03.04.2006,market,Standard,400.0,,39.0,40.0,7.0,11.0,,,2.0,,1.0
14.04.2006,OGM,ORF/Profil,,,38.0,38.0,10.0,11.0,,,3.0,,0.0
18.04.2006,market,Standard,400.0,,39.0,38.0,7.0,12.0,,,3.0,,1.0
03.05.2006,Gallup,Standard,400.0,,40.0,38.0,8.0,12.0,,,2.0,,0.0
15.05.2006,IMAS,Krone,,,39.0,36.0,5.0,14.0,,,4.0,,2.0
22.05.2006,OGM,Profil,500.0,,39.0,37.0,9.0,11.0,,,3.0,,1.0
22.05.2006,Gallup,News,400.0,,37.0,35.0,7.0,12.0,,,3.0,,12.0
04.06.2006,IMAS,Krone/ORF,700.0,,40.0,37.0,5.0,11.0,,,4.0,,4.0
12.06.2006,market,Standard,400.0,6.-8. Juni 2006,41.0,37.0,7.0,10.0,,,4.0,,1.0
13.06.2006,Gallup,News,400.0,,39.0,35.0,6.0,12.0,,,3.0,,10.0
21.06.2006,Gallup,News,400.0,,39.0,36.0,7.0,11.0,,,2.0,,10.0
22.06.2006,market,,,,41.0,37.0,7.0,10.0,,,4.0,,1.0
24.06.2006,IMAS,Presse,1000.0,,38.0,37.0,6.0,12.0,,,5.0,,4.0
26.06.2006,OGM,Profil,500.0,,40.0,35.0,8.0,13.0,,,3.0,,1.0
28.06.2006,Gallup,News,400.0,,39.0,35.0,6.0,10.0,,,4.0,,12.0
30.06.2006,market,ORF,430.0,26.-28.6.2006,41.0,37.0,6.0,11.0,,,4.0,,1.0
12.07.2006,market,ORF,,,41.0,36.0,5.0,11.0,,,3.0,,7.0
14.07.2006,IMAS,,,,39.0,33.0,8.0,13.0,,,5.0,,4.0
16.07.2006,Integral,Kurier,701.0,,39.0,35.0,8.0,12.0,,,4.0,,2.0
16.07.2006,OGM,Profil,504.0,,40.0,36.0,8.0,12.0,,,3.0,,1.0
31.07.2006,?,APA,,,40.0,36.0,7.0,11.0,,,3.0,,9.0
03.08.2006,market,News,,,39.0,35.0,6.0,11.0,,,3.0,,11.0
08.08.2006,?,Presse,,,37.0,33.0,6.0,13.0,,,4.0,,14.0
10.08.2006,?,News,,,39.0,34.0,7.0,11.0,,,4.0,,9.0
15.08.2006,GFK,Krone,,,39.0,36.0,7.0,12.0,,,4.0,,7.0
16.08.2006,Integral,Kurier,,,39.0,35.0,8.0,12.0,,,4.0,,2.0
16.08.2006,market,News,,,40.0,34.0,7.0,11.0,,,4.0,,8.0
23.08.2006,market,News,,,38.0,36.0,7.0,10.0,,,4.0,,9.0
26.08.2006,OGM,Profil,500.0,,39.0,35.0,7.0,11.0,,,3.0,,9.0
31.08.2006,market,News,,,39.0,35.0,7.0,11.0,,,3.0,,9.0
01.09.2006,Gallup,Österreich,800.0,25.-28. August 2006,37.0,35.0,7.0,11.0,,,4.0,,10.0
01.09.2006,Integral,Kurier,500.0,,37.0,35.0,8.0,11.0,,,4.0,,10.0
03.09.2006,OGM,Profil,,,38.0,35.0,8.0,11.0,,,3.0,,9.0
05.09.2006,OGM,ORF,500.0,,38.0,35.0,9.0,11.0,,,2.0,,9.0
05.09.2006,market,ORF,,,39.0,35.0,7.0,11.0,,,3.0,,9.0
06.09.2006,market,News,,,38.0,34.0,8.0,11.0,,,3.0,,11.0
08.09.2006,Gallup,Österreich,1500.0,,38.0,35.0,7.0,12.0,,,3.0,,9.0
09.09.2006,OGM,Profil,,,38.0,35.0,9.0,10.0,,,2.0,,11.0
12.09.2006,OGM,ORF,,,38.0,35.0,9.0,10.0,,,3.0,,9.0
12.09.2006,market,ORF,,,38.0,34.0,8.0,11.0,,,3.0,,11.0
17.09.2006,market,News,,11.9.-17.9.2006,37.0,35.0,8.0,11.0,,,4.0,,9.0
17.09.2006,Gallup,Österreich,,11.9.-17.9.2006,39.0,35.0,8.0,10.0,,,3.0,,9.0
17.09.2006,IMAS,Presse,,11.9.-17.9.2006,37.0,35.0,7.0,12.0,,,3.0,,12.0
18.09.2006,Gallup,Österreich,,,38.0,35.0,10.0,10.0,,,3.0,,8.0
19.09.2006,market,ORF,,,37.0,35.0,10.0,11.0,,,4.0,,6.0
19.09.2006,OGM,ORF,,,38.0,35.0,8.0,10.0,,,3.0,,10.0
19.09.2006,OGM,Profil,,18.9.-25.9.2006,38.0,35.0,10.0,10.0,,,3.0,,7.0
25.09.2006,market,News,,,39.0,34.0,9.0,11.0,,,3.0,,7.0
25.09.2006,OGM,Profil,,,37.0,35.0,10.0,11.0,,,3.0,,7.0
27.09.2006,OGM,Profil,,,35.0,35.0,12.0,11.0,,,3.0,,7.0
23.10.2006,OGM,Profil,500.0,,32.0,37.0,12.0,12.0,,,4.0,,3.0
03.11.2006,IMAS,Presse,1000.0,23.-27.10.06,33.0,38.0,11.0,13.0,,,3.0,,2.0
11.11.2006,Gallup,Österreich,,,33.0,40.0,11.0,13.0,,,3.0,,0.0
13.11.2006,OGM,Profil,,,32.0,38.0,13.0,14.0,,,3.0,,0.0
14.11.2006,Gallup,Österreich,,,33.0,41.0,10.0,12.0,,,3.0,,1.0
15.11.2006,IMAS,Presse,1000.0,,33.0,36.0,10.0,13.0,,,4.0,,4.0
18.11.2006,OGM,Profil,,,32.0,39.0,13.0,14.0,,,3.0,,-1.0
21.11.2006,Gallup,Österreich,,,36.0,40.0,10.0,12.0,,,2.0,,0.0
01.12.2006,IMAS,Presse,1000.0,,35.0,36.0,12.0,12.0,,,3.0,,2.0
31.12.2006,OGM,Profil,,,33.0,40.0,12.0,12.0,,,2.0,,1.0
05.01.2007,Gallup,Österreich,,,35.0,39.0,9.0,13.0,,,3.0,,1.0
17.01.2007,market,News,,,38.0,32.0,13.0,13.0,,,2.0,,2.0
22.01.2007,OGM,Profil,,,37.0,33.0,13.0,14.0,,,2.0,,1.0
01.02.2007,Gallup,Österreich,,,38.0,36.0,9.0,12.0,,,3.0,,2.0
01.02.2007,IMAS,Presse???,1000.0,,36.0,34.0,12.0,12.0,,,5.0,,1.0
07.02.2007,market,News,500.0,,36.0,34.0,12.0,14.0,,,2.0,,2.0
10.02.2007,Gallup,Österreich,,,37.0,34.0,11.0,13.0,,,3.0,,2.0
18.02.2007,OGM,Profil,500.0,,35.0,32.0,14.0,15.0,,,3.0,,1.0
14.03.2007,IMAS,Presse,1000.0,19.2.-17.3.2007,36.0,33.0,13.0,13.0,,,4.0,,1.0
15.03.2007,IMAS,Presse?,1000.0,,36.0,32.0,10.0,14.0,,,5.0,,3.0
19.03.2007,OGM,Profil,500.0,,34.0,33.0,13.0,15.0,,,3.0,,2.0
30.03.2007,Gallup,Österreich,,,37.0,38.0,10.0,13.0,,,2.0,,0.0
11.04.2007,market,News,,,37.0,33.0,13.0,13.0,,,3.0,,1.0
13.04.2007,IMAS,Presse,1000.0,,36.0,33.0,12.0,13.0,,,4.0,,2.0
14.04.2007,OGM,Profil,500.0,,36.0,33.0,13.0,15.0,,,2.0,,1.0
20.04.2007,Gallup,Österreich,,,36.0,34.0,12.0,13.0,,,3.0,,2.0
01.05.2007,OGM,Profil,,,35.0,34.0,13.0,15.0,,,2.0,,1.0
09.06.2007,Gallup,Österreich,,,35.0,34.0,13.0,15.0,,,2.0,,1.0
15.06.2007,Gallup,Österreich,,,35.0,36.0,11.0,13.0,,,3.0,,2.0
16.06.2007,OGM,Profil,500.0,,36.0,34.0,12.0,15.0,,,2.0,,1.0
16.07.2007,OGM,Profil,500.0,,36.0,33.0,13.0,15.0,,,2.0,,1.0
01.08.2007,OGM,Profil,500.0,,36.0,34.0,13.0,14.0,,,2.0,,1.0
04.08.2007,Gallup,Österreich,,,37.0,35.0,11.0,14.0,,,3.0,,0.0
26.08.2007,GFK,Krone,,,36.0,32.0,14.0,14.0,,,3.0,,2.0
01.09.2007,OGM,Profil,500.0,,36.0,33.0,13.0,14.0,,,3.0,,1.0
14.09.2007,Gallup,Österreich,,,35.0,35.0,14.0,13.0,,,2.0,,1.0
26.09.2007,market,News,,,36.0,35.0,13.0,13.0,,,2.0,,1.0
05.10.2007,Gallup,Österreich,,,35.0,33.0,14.0,14.0,,,3.0,,1.0
06.10.2007,OGM,Profil,500.0,,35.0,34.0,14.0,14.0,,,2.0,,1.0
20.10.2007,Gallup,Österreich,,,36.0,34.0,12.0,13.0,,,3.0,,2.0
27.10.2007,Gallup,Österreich,,,36.0,35.0,12.0,13.0,,,3.0,,1.0
02.11.2007,Gallup,Österreich,,,35.0,35.0,13.0,13.0,,,3.0,,1.0
10.11.2007,OGM,Profil,500.0,,34.0,36.0,14.0,13.0,,,3.0,,0.0
15.11.2007,OGM,Profil,500.0,,36.0,34.0,15.0,12.0,,,3.0,,0.0
16.11.2007,Gallup,Österreich,,,34.0,35.0,14.0,12.0,,,4.0,,1.0
15.12.2007,Gallup,Österreich,,,35.0,34.0,14.0,13.0,,,,,4.0
21.12.2007,Gallup,Österreich,,,35.0,35.0,15.0,13.0,,,2.0,,0.0
04.01.2008,Gallup,Österreich,,,35.0,34.0,15.0,13.0,,,3.0,,0.0
09.01.2008,market,News,500.0,,37.0,33.0,14.0,13.0,,,2.0,,1.0
19.01.2008,OGM,Profil,500.0,,37.0,34.0,14.0,12.0,,,3.0,,0.0
25.01.2008,Gallup,Österreich,,,36.0,33.0,13.0,14.0,,,3.0,,1.0
16.02.2008,OGM,Profil,500.0,,34.0,33.0,14.0,15.0,,,4.0,,0.0
16.02.2008,Gallup,Österreich,,,34.0,33.0,13.0,15.0,,,4.0,,1.0
01.03.2008,OGM,Profil,500.0,,34.0,32.0,15.0,15.0,,,4.0,,0.0
01.03.2008,Gallup,Österreich,,,31.0,29.0,15.0,17.0,,,5.0,,3.0
07.03.2008,Gallup,Österreich,500.0,,33.0,31.0,14.0,15.0,,,5.0,,2.0
14.03.2008,Gallup,Österreich,500.0,,35.0,31.0,16.0,13.0,,,4.0,,1.0
15.03.2008,OGM,Profil,500.0,,35.0,30.0,16.0,15.0,,,4.0,,0.0
04.04.2008,Gallup,Österreich,,,34.0,31.0,16.0,15.0,,,4.0,,0.0
26.04.2008,OGM,Profil,500.0,,33.0,31.0,17.0,15.0,,,4.0,,0.0
10.05.2008,Gallup,Österreich,,,34.0,30.0,17.0,15.0,,,4.0,,0.0
24.05.2008,OGM,Profil,500.0,,33.0,32.0,17.0,15.0,,,3.0,,0.0
24.05.2008,Gallup,Österreich,,,32.0,30.0,17.0,14.0,,,4.0,,3.0
04.06.2008,market,News,,,34.0,28.0,19.0,15.0,,,3.0,,1.0
18.06.2008,market,News,,,33.0,28.0,20.0,15.0,,,3.0,,1.0
20.06.2008,Gallup,Österreich,400.0,,33.0,29.0,19.0,15.0,,,4.0,,0.0
21.06.2008,OGM,Profil,500.0,,33.0,33.0,16.0,14.0,,,4.0,,0.0
02.07.2008,market,News,,,33.0,27.0,21.0,14.0,,,3.0,,2.0
03.07.2008,Gallup,Österreich,,,32.0,28.0,19.0,15.0,,,4.0,,2.0
09.07.2008,market,News,,,33.0,26.0,22.0,14.0,,,4.0,,1.0
10.07.2008,Gallup,Österreich,800.0,,32.0,27.0,19.0,16.0,,,4.0,,2.0
12.07.2008,OGM,Profil,500.0,,33.0,30.0,18.0,14.0,,,3.0,,2.0
17.07.2008,Gallup,Österreich,,,26.0,24.0,19.0,16.0,,,5.0,,19.0
20.07.2008,IMAS,Krone,,,29.0,24.0,20.0,15.0,,,4.0,,13.0
25.07.2008,Gallup,Österreich,800.0,,29.0,24.0,15.0,14.0,,,7.0,,21.0
26.07.2008,Gallup,Österreich,,,29.0,25.0,15.0,14.0,,,7.0,,20.0
29.07.2008,IMAS,Presse,1000.0,,29.0,25.0,18.0,15.0,,,6.0,,7.0
29.07.2008,OGM,ORF,500.0,,30.0,25.0,17.0,13.0,,,4.0,,21.0
07.08.2008,Gallup,Österreich,,,26.0,26.0,19.0,14.0,,,6.0,,18.0
09.08.2008,OGM,Profil,,,31.0,26.0,17.0,13.0,,,4.0,,9.0
20.08.2008,market,News,,,27.0,26.0,20.0,14.0,,,5.0,,15.0
21.08.2008,IMAS,Krone,,,28.0,28.0,18.0,13.0,,,7.0,,6.0
21.08.2008,Gallup,Österreich,,,26.0,25.0,18.0,15.0,,,6.0,,18.0
28.08.2008,Gallup,Österreich,,,26.0,27.0,19.0,12.0,,,5.0,,19.0
28.08.2008,OGM,Profil,,,28.0,27.0,18.0,12.0,,,6.0,,15.0
29.08.2008,Ifes,Heute,,,26.0,26.0,15.0,16.0,,,5.0,,12.0
29.08.2008,market,News,,,26.0,28.0,20.0,13.0,,,4.0,,9.0
30.08.2008,IMAS,Presse,,,26.0,27.0,18.0,13.0,,,7.0,,16.0
03.09.2008,market,News,,,25.0,28.0,20.0,12.0,,,5.0,,16.0
05.09.2008,Gallup,Österreich,,,27.0,28.0,17.0,12.0,,,6.0,,17.0
06.09.2008,OGM,Profil,,,27.0,29.0,17.0,12.0,,,7.0,,14.0
08.09.2008,GMK,Bezirksblaetter,,,27.0,30.0,18.0,11.0,,,6.0,,15.0
10.09.2008,market,News,,,27.0,29.0,18.0,11.0,,,7.0,,13.0
13.09.2008,OGM,Profil,,,26.0,28.0,18.0,12.0,,,8.0,,12.0
13.09.2008,Gallup,Österreich,,,27.0,28.0,16.0,12.0,,,6.0,,18.0
17.09.2008,Integral,Kurier,,,28.0,28.0,18.0,12.0,,,7.0,,13.0
18.09.2008,Gallup,Österreich,,,26.0,28.0,17.0,12.0,,,8.0,,16.0
20.09.2008,OGM,Profil,,,26.0,29.0,18.0,11.0,,,8.0,,14.0
20.09.2008,market,News,,,26.0,29.0,20.0,11.0,,,6.0,,13.0
24.10.2008,Gallup,Österreich,,,25.0,34.0,17.0,12.0,,,11.0,,1.0
15.11.2008,IMAS,Presse,,,24.0,30.0,20.0,12.0,,,9.0,,5.0
17.11.2008,OGM,Profil,,,28.0,35.0,16.0,11.0,,,9.0,,1.0
20.11.2008,Gallup,Österreich,,,27.0,35.0,18.0,12.0,,,8.0,,0.0
13.12.2008,OGM,Profil,,,28.0,34.0,17.0,11.0,,,9.0,,1.0
13.12.2008,Gallup,Österreich,,,29.0,31.0,17.0,14.0,,,7.0,,2.0
27.12.2008,Gallup,Österreich,,,29.0,33.0,17.0,12.0,,,7.0,,2.0
17.01.2009,Gallup,Österreich,,,30.0,34.0,15.0,13.0,,,6.0,,2.0
17.01.2009,OGM,Profil,,,29.0,33.0,18.0,11.0,,,8.0,,1.0
31.01.2009,Gallup,Österreich,,,29.0,33.0,16.0,13.0,,,7.0,,2.0
14.02.2009,OGM,Profil,,,30.0,32.0,21.0,9.0,,,7.0,,1.0
14.02.2009,Gallup,Österreich,,,31.0,34.0,17.0,11.0,,,7.0,,0.0
14.03.2009,Karmasin,Profil,,,31.0,33.0,19.0,9.0,,,7.0,,1.0
15.03.2009,Hajek,ATV,1000.0,,30.0,32.0,21.0,10.0,,,6.0,,1.0
15.04.2009,OGM,News,800.0,,30.0,31.0,22.0,9.0,,,6.0,,2.0
18.04.2009,Karmasin,Profil,,,30.0,33.0,21.0,9.0,,,6.0,,1.0
16.05.2009,Karmasin,Profil,,,31.0,33.0,20.0,9.0,,,6.0,,1.0
19.05.2009,OGM,News,800.0,,29.0,31.0,22.0,10.0,,,6.0,,2.0
13.06.2009,Gallup,Österreich,,,31.0,29.0,21.0,12.0,,,6.0,,1.0
15.06.2009,Hajek,ATV,1000.0,,33.0,28.0,22.0,9.0,,,7.0,,1.0
20.06.2009,Karmasin,Profil,,,32.0,30.0,21.0,9.0,,,6.0,,2.0
27.06.2009,Gallup,Österreich,1000.0,,30.0,29.0,23.0,10.0,,,6.0,,2.0
12.07.2009,market,Standard,1000.0,,30.0,26.0,25.0,10.0,,,6.0,,3.0
31.07.2009,Gallup,Österreich,,,32.0,30.0,18.0,13.0,,,5.0,,2.0
08.08.2009,Gallup,Österreich,,,33.0,30.0,18.0,12.0,,,6.0,,1.0
08.08.2009,Karmasin,Profil,,,31.0,31.0,21.0,10.0,,,6.0,,1.0
29.08.2009,Karmasin,Profil,,,32.0,32.0,20.0,9.0,,,6.0,,1.0
03.09.2009,Gallup,Österreich,,,32.0,32.0,19.0,12.0,,,4.0,,1.0
16.09.2009,Hajek,ATV,1000.0,,32.0,28.0,23.0,9.0,,,6.0,,2.0
19.09.2009,Karmasin,Profil,,,32.0,33.0,20.0,9.0,,,5.0,,1.0
30.09.2009,OGM,News,,,34.0,26.0,24.0,10.0,,,4.0,,2.0
01.10.2009,market,Standard,524.0,,34.0,24.0,23.0,11.0,,,4.0,,4.0
03.10.2009,Gallup,Österreich,,,35.0,27.0,20.0,12.0,,,4.0,,2.0
22.10.2009,Karmasin,Profil,,,35.0,28.0,22.0,10.0,,,4.0,,1.0
21.11.2009,Karmasin,Profil,,,34.0,29.0,21.0,10.0,,,5.0,,1.0
28.11.2009,Gallup,Österreich,,,34.0,30.0,19.0,12.0,,,4.0,,1.0
15.12.2009,market,Standard,501.0,,32.0,27.0,24.0,10.0,,,4.0,,3.0
15.12.2009,Hajek,ATV,1000.0,,33.0,27.0,24.0,10.0,,,5.0,,1.0
19.12.2009,Gallup,Österreich,,,34.0,30.0,21.0,11.0,,,3.0,,1.0
19.12.2009,Karmasin,Profil,,,33.0,30.0,23.0,11.0,,,2.0,,1.0
23.01.2010,Karmasin,Profil,500.0,,32.0,31.0,22.0,12.0,,,1.0,,2.0
13.02.2010,Gallup,Österreich,,,32.0,31.0,21.0,12.0,,,3.0,,1.0
20.02.2010,Karmasin,Profil,,,33.0,32.0,22.0,11.0,,,1.0,,1.0
28.02.2010,Gallup,Österreich,,,33.0,30.0,22.0,12.0,,,2.0,,1.0
13.03.2010,Gallup,Österreich,800.0,,32.0,32.0,20.0,12.0,,,2.0,,2.0
13.03.2010,Karmasin,Profil,,,32.0,33.0,20.0,11.0,,,2.0,,2.0
24.03.2010,Hajek,ATV,1000.0,,35.0,28.0,20.0,11.0,,,3.0,,3.0
01.04.2010,market,Standard,,,31.0,27.0,21.0,12.0,,,4.0,,5.0
10.04.2010,Gallup,Österreich,400.0,,34.0,29.0,20.0,12.0,,,3.0,,2.0
24.04.2010,Karmasin,Profil,,,33.0,33.0,19.0,12.0,,,2.0,,1.0
30.04.2010,Gallup,Österreich,800.0,,31.0,31.0,19.0,13.0,,,3.0,,3.0
02.05.2010,market,Standard,520.0,,29.0,28.0,22.0,12.0,,,5.0,,4.0
20.05.2010,Karmasin,Profil,,,32.0,33.0,18.0,13.0,,,2.0,,2.0
21.05.2010,Gallup,Österreich,400.0,,30.0,31.0,20.0,13.0,,,2.0,,4.0
22.05.2010,market,Standard,,,29.0,27.0,23.0,12.0,,,5.0,,4.0
01.06.2010,Hajek,ATV,1000.0,,34.0,32.0,20.0,9.0,,,3.0,,2.0
19.06.2010,Karmasin,Profil,,,33.0,33.0,20.0,11.0,,,2.0,,1.0
10.07.2010,Karmasin,Profil,,,33.0,34.0,19.0,11.0,,,2.0,,1.0
10.07.2010,Gallup,Österreich,400.0,,33.0,35.0,18.0,11.0,,,2.0,,1.0
24.07.2010,Gallup,Österreich,400.0,,30.0,33.0,20.0,12.0,,,2.0,,3.0
26.07.2010,market,Standard,,,28.0,26.0,24.0,12.0,,,7.0,,3.0
14.08.2010,Gallup,Österreich,,,31.0,33.0,20.0,11.0,,,4.0,,1.0
15.08.2010,OGM,Kurier,500.0,,33.0,34.0,20.0,9.0,,,3.0,,1.0
28.08.2010,Karmasin,Profil,,,32.0,33.0,20.0,10.0,,,3.0,,2.0
18.09.2010,Karmasin,Profil,,,32.0,33.0,20.0,11.0,,,2.0,,2.0
01.10.2010,Hajek,ATV,1000.0,,29.0,31.0,26.0,9.0,,,2.0,,3.0
16.10.2010,Gallup,Österreich,400.0,,24.0,27.0,25.0,12.0,,,,,12.0
20.10.2010,Karmasin,Profil,,,28.0,30.0,24.0,12.0,,,4.0,,2.0
14.11.2010,Gallup,Österreich,,,24.0,28.0,23.0,14.0,,,5.0,,6.0
16.11.2010,OGM,Kurier,506.0,,26.0,29.0,27.0,11.0,,,5.0,,2.0
20.11.2010,Karmasin,Profil,,,26.0,29.0,24.0,13.0,,,5.0,,3.0
28.11.2010,market,Standard,401.0,,25.0,29.0,24.0,12.0,,,5.0,,5.0
11.12.2010,Gallup,Österreich,,,24.0,27.0,25.0,14.0,,,5.0,,5.0
18.12.2010,Hajek,ATV,1000.0,,27.0,30.0,25.0,11.0,,,4.0,,3.0
19.12.2010,IMAS,Krone,,,25.0,27.0,22.0,11.0,,,10.0,,5.0
15.01.2011,Gallup,Österreich,400.0,14./15.1.2011,24.0,26.0,25.0,15.0,,,5.0,,5.0
16.01.2011,Karmasin,profil,,13./14.1.2011,27.0,30.0,24.0,13.0,,,4.0,,2.0
21.01.2011,IMAS,orf.at,,Dezember/Jaenner 2010/2011,25.0,26.0,25.0,13.0,,,8.0,,3.0
05.02.2011,market,derstandard.at,,,27.0,29.0,24.0,12.0,,,6.0,,2.0
13.02.2011,Ifes,Österreich,,,24.0,29.0,24.0,14.0,,,4.0,,5.0
13.02.2011,Gallup,Österreich,,,25.0,27.0,25.0,13.0,,,5.0,,5.0
19.02.2011,Karmasin,profil,,,26.0,28.0,25.0,13.0,,,5.0,,3.0
10.03.2011,OGM,Kurier,,,28.0,27.0,27.0,11.0,,,5.0,,2.0
19.03.2011,Karmasin,profil,,,26.0,27.0,26.0,13.0,,,5.0,,3.0
20.03.2011,Gallup,Österreich,,,25.0,28.0,25.0,14.0,,,4.0,,4.0
01.04.2011,Hajek,ATV,1000.0,,25.0,26.0,29.0,14.0,,,4.0,,2.0
01.04.2011,Gallup,Österreich,400.0,,23.0,27.0,26.0,16.0,,,4.0,,4.0
10.04.2011,Gallup,Österreich,800.0,7./8.4.2011,23.0,27.0,26.0,15.0,,,5.0,,4.0
15.04.2011,market,derstandard.at,400.0,12-14.4.2011,22.0,28.0,25.0,14.0,,,6.0,,5.0
15.04.2011,IMAS,Krone,,,22.0,26.0,22.0,15.0,,,12.0,,4.0
15.04.2011,Gallup,Österreich,,,21.0,27.0,26.0,16.0,,,6.0,,4.0
16.04.2011,Karmasin,Profil,,,23.0,27.0,26.0,15.0,,,6.0,,3.0
22.04.2011,Gallup,Österreich,800.0,21.-22.4.2011,26.0,27.0,22.0,15.0,,,6.0,,4.0
14.05.2011,Karmasin,Profil,,,23.0,28.0,26.0,15.0,,,4.0,,4.0
19.05.2011,OGM,Kurier,,,23.0,28.0,29.0,13.0,,,5.0,,2.0
21.05.2011,Gallup,Österreich,400.0,18.-19.5.2011,24.0,28.0,27.0,14.0,,,4.0,,3.0
18.06.2011,Karmasin,Profil,,,24.0,27.0,27.0,14.0,,,4.0,,4.0
20.06.2011,Gallup,Österreich,800.0,,24.0,27.0,27.0,15.0,,,4.0,,3.0
23.06.2011,IMAS,Krone,,,26.0,28.0,23.0,13.0,,,7.0,,3.0
01.07.2011,Hajek,ATV,1000.0,,24.0,28.0,29.0,13.0,,,4.0,,2.0
10.07.2011,Gallup,Österreich,800.0,7./8.7.2011,24.0,28.0,27.0,14.0,,,4.0,,3.0
14.07.2011,IMAS,Presse,1048.0,,24.0,27.0,24.0,14.0,,,5.0,,6.0
16.07.2011,Karmasin,Profil,,,23.0,27.0,27.0,14.0,,,6.0,,3.0
11.08.2011,Karmasin,Profil,,,23.0,29.0,24.0,15.0,,,5.0,,4.0
16.08.2011,IMAS,APA,1000.0,22.7.-10.8.,25.0,26.0,25.0,13.0,,,5.0,,6.0
22.08.2011,Gallup,Österreich,,,25.0,27.0,25.0,13.0,,,5.0,,5.0
01.09.2011,Hajek,ATV,1000.0,,23.0,30.0,25.0,13.0,,,6.0,,3.0
02.09.2011,Gallup,Österreich,,,24.0,28.0,24.0,14.0,,,5.0,,5.0
10.09.2011,Karmasin,Profil,,,22.0,30.0,24.0,15.0,,,4.0,,5.0
18.09.2011,Gallup,Österreich,,23.-28.9.2011,23.0,29.0,25.0,13.0,,,5.0,,5.0
08.10.2011,Karmasin,Profil,,,22.0,29.0,26.0,15.0,,,3.0,,5.0
15.10.2011,Gallup,Österreich,800.0,13./14.10.2011,23.0,29.0,27.0,13.0,,,5.0,,3.0
30.10.2011,Gallup,Österreich,350.0,27./28.10.2011,22.0,29.0,28.0,13.0,,,5.0,,3.0
31.10.2011,market,Standard,,,24.0,27.0,27.0,13.0,,,5.0,,4.0
05.11.2011,Gallup,Österreich,400.0,,23.0,29.0,27.0,13.0,,,5.0,,3.0
06.11.2011,Karmasin,Profil,,,23.0,28.0,27.0,15.0,,,3.0,,4.0
20.11.2011,Gallup,,,,22.0,29.0,27.0,13.0,,,5.0,,4.0
03.12.2011,Karmasin,Profil,,,24.0,27.0,27.0,14.0,,,4.0,,4.0
11.12.2011,OGM,,,,25.0,29.0,27.0,14.0,,,4.0,,1.0
25.12.2011,Gallup,Österreich,,,24.0,28.0,26.0,13.0,,,5.0,,4.0
28.12.2011,market,,400.0,,23.0,30.0,26.0,14.0,,,5.0,,2.0
01.01.2012,Gallup,Österreich,800.0,,24.0,28.0,26.0,13.0,,,5.0,,4.0
01.01.2012,market,,400.0,,25.0,28.0,26.0,15.0,,,5.0,,1.0
14.01.2012,Karmasin,Profil,,,25.0,29.0,26.0,14.0,,,4.0,,2.0
26.01.2012,OGM,Kurier,800.0,,23.0,28.0,28.0,14.0,,,5.0,,2.0
28.01.2012,Gallup,Österreich,,,24.0,28.0,27.0,13.0,,,5.0,,3.0
01.02.2012,market,,400.0,,24.0,28.0,27.0,16.0,,,4.0,,1.0
04.02.2012,Gallup,Österreich,,,25.0,29.0,24.0,14.0,,,4.0,,4.0
11.02.2012,Karmasin,Profil,,,24.0,30.0,24.0,13.0,,,4.0,,5.0
01.03.2012,Hajek,ATV,1000.0,,23.0,29.0,27.0,13.0,,,6.0,,2.0
09.03.2012,Spectra,OOeN,700.0,,24.0,28.0,23.0,12.0,,,8.0,,10.0
10.03.2012,Gallup,Österreich,800.0,,25.0,29.0,27.0,13.0,,,3.0,,6.0
10.03.2012,Karmasin,Profil,500.0,,26.0,29.0,24.0,14.0,,,3.0,,8.0
10.03.2012,OGM,Standard,432.0,,24.0,28.0,27.0,15.0,,,4.0,,4.0
18.03.2012,market,Standard,432.0,,24.0,29.0,27.0,15.0,,,4.0,,1.0
24.03.2012,Gallup,Österreich,800.0,22./23.3.12,23.0,28.0,28.0,14.0,,,3.0,,4.0
01.04.2012,market,,400.0,,23.0,28.0,27.0,15.0,,,5.0,,2.0
05.04.2012,Karmasin,Profil,,,23.0,29.0,27.0,13.0,,,2.0,,6.0
07.04.2012,Gallup,Österreich ,400.0,5./6.4.12,22.0,28.0,28.0,14.0,,,4.0,,4.0
22.04.2012,Gallup,Österreich,400.0,20./21.4.12,22.0,27.0,28.0,14.0,,,3.0,,12.0
23.04.2012,Karmasin,heute,800.0,,23.0,27.0,27.0,13.0,,,3.0,,14.0
28.04.2012,Gallup,Österreich,400.0,26./27.4.12,22.0,27.0,27.0,13.0,,,3.0,,14.0
01.05.2012,market,,400.0,,22.0,29.0,27.0,15.0,,,5.0,,2.0
05.05.2012,Karmasin,Profil,500.0,,24.0,29.0,26.0,12.0,,,2.0,,7.0
26.05.2012,Gallup,Österreich,400.0,24./25.5.,22.0,27.0,26.0,14.0,,,,,11.0
01.06.2012,Hajek,ATV,1000.0,,25.0,30.0,25.0,12.0,,,5.0,,3.0
01.06.2012,market,,400.0,18.-25.6.2012,23.0,28.0,27.0,14.0,,,5.0,,3.0
02.06.2012,Karmasin,Profil,500.0,,25.0,30.0,24.0,12.0,,,3.0,,6.0
30.06.2012,Karmasin,Profil,500.0,,23.0,29.0,24.0,13.0,,,4.0,,7.0
30.06.2012,Gallup,Österreich,400.0,28./29.6.2012,23.0,28.0,24.0,12.0,,,3.0,,17.0
02.07.2012,market,,400.0,,25.0,28.0,27.0,13.0,,,5.0,,2.0
07.07.2012,Gallup,Österreich,400.0,5./6.7.2012,22.0,28.0,23.0,12.0,,,3.0,4.0,13.0
15.07.2012,IMAS,Krone,500.0,,24.0,29.0,20.0,14.0,,,7.0,,11.0
22.07.2012,Gallup,Österreich,400.0,,21.0,28.0,23.0,12.0,,,2.0,6.0,13.0
30.07.2012,market,Standard,400.0,,22.0,30.0,23.0,14.0,,,6.0,,5.0
04.08.2012,Gallup,Österreich,400.0,1.-3.8.2012,21.0,29.0,21.0,12.0,,,2.0,6.0,15.0
18.08.2012,Gallup,Österreich,400.0,16./17.8.2012,21.0,28.0,20.0,14.0,,,3.0,8.0,10.0
20.08.2012,market,Standard,400.0,14.-16.8.2012,23.0,30.0,21.0,16.0,,,4.0,,6.0
25.08.2012,Karmasin,Profil,500.0,,23.0,29.0,21.0,14.0,,,2.0,7.0,4.0
26.08.2012,Gallup,Österreich,400.0,,22.0,29.0,20.0,14.0,,,2.0,7.0,10.0
31.08.2012,market,Standard,400.0,,24.0,30.0,21.0,15.0,,,3.0,,14.0
01.09.2012,Gallup,Österreich,400.0,28./29.8.2012,21.0,28.0,20.0,14.0,,,3.0,10.0,4.0
22.09.2012,Karmasin,Profil,500.0,,22.0,27.0,21.0,15.0,,,2.0,9.0,4.0
22.09.2012,Gallup,Österreich,400.0,19.09.2012,23.0,27.0,21.0,14.0,,,2.0,9.0,8.0
26.09.2012,IMAS,Krone,500.0,,23.0,26.0,19.0,12.0,,,4.0,11.0,5.0
27.09.2012,Hajek,ATV,1000.0,,22.0,27.0,19.0,13.0,,,4.0,11.0,4.0
28.09.2012,Gallup,Österreich,400.0,27./28.9.2012,23.0,26.0,20.0,14.0,,,2.0,12.0,3.0
06.10.2012,Gallup,Österreich,400.0,4./5.10.2012,22.0,26.0,21.0,14.0,,,,12.0,5.0
11.10.2012,market,Standard,400.0,,22.0,28.0,20.0,16.0,,,2.0,10.0,2.0
20.10.2012,Karmasin,Profil,500.0,,23.0,25.0,22.0,15.0,,,2.0,10.0,3.0
26.10.2012,IMAS,Krone,1000.0,,24.0,26.0,18.0,13.0,,,5.0,9.0,10.0
27.10.2012,Gallup,Österreich,400.0,24./25.10.2012,22.0,25.0,22.0,15.0,,,2.0,11.0,3.0
13.11.2012,IMAS,Krone,,,23.0,27.0,19.0,12.0,,,5.0,12.0,5.0
17.11.2012,Karmasin,Profil,,,24.0,27.0,21.0,13.0,,,2.0,10.0,3.0
02.12.2012,Gallup,Österreich,400.0,29./30.11.,23.0,27.0,19.0,13.0,,,1.0,11.0,11.0
15.12.2012,Hajek,ATV,1000.0,30.11.-7.12.,23.0,26.0,20.0,14.0,,,3.0,12.0,2.0
15.12.2012,Karmasin,Profil,500.0,,24.0,28.0,21.0,13.0,,,1.0,11.0,2.0
30.12.2012,Gallup,Österreich,400.0,20./21.12.,23.0,27.0,21.0,14.0,,,1.0,10.0,5.0
02.01.2013,market,Standard,400.0,,24.0,27.0,23.0,14.0,,,2.0,7.0,6.0
13.01.2013,Gallup,Österreich,400.0,,23.0,28.0,20.0,14.0,,,1.0,,17.0
17.01.2013,meinungsraum.at,News,1000.0,,19.0,25.0,21.0,15.0,,,4.0,10.0,8.0
26.01.2013,Karmasin,Profil,500.0,,26.0,27.0,21.0,13.0,,,2.0,7.0,4.0
26.01.2013,Gallup,Österreich,400.0,23.-25.1.,25.0,27.0,21.0,13.0,,,1.0,9.0,5.0
03.02.2013,Gallup,Österreich,400.0,,25.0,27.0,21.0,14.0,,,1.0,8.0,7.0
04.02.2013,market,Standard,405.0,29.-31.1.2013,23.0,27.0,22.0,13.0,,,1.0,10.0,8.0
10.02.2013,Gallup,Österreich,400.0,6.-8.2.,25.0,28.0,21.0,13.0,,,,8.0,5.0
13.02.2013,IMAS,Krone,400.0,,23.0,24.0,21.0,11.0,,,5.0,10.0,12.0
23.02.2013,Gallup,Österreich,400.0,20.-22.2.,25.0,27.0,22.0,13.0,,,2.0,9.0,2.0
23.02.2013,Karmasin,Profil,500.0,,24.0,27.0,23.0,12.0,,,1.0,10.0,3.0
10.03.2013,market,Standard,502.0,,24.0,28.0,21.0,13.0,,,3.0,11.0,0.0
14.03.2013,meinungsraum.at,News,1000.0,,22.0,26.0,20.0,14.0,,,2.0,13.0,6.0
15.03.2013,Karmasin,heute,800.0,,24.0,27.0,20.0,14.0,2.0,,2.0,9.0,4.0
16.03.2013,Gallup,Österreich,400.0,,25.0,28.0,20.0,13.0,,,2.0,9.0,6.0
22.03.2013,Hajek,ATV,1000.0,,23.0,26.0,18.0,13.0,,,2.0,15.0,6.0
23.03.2013,Karmasin,Profil,500.0,,24.0,28.0,20.0,13.0,,,1.0,10.0,4.0
01.04.2013,market,Standard,504.0,,24.0,26.0,19.0,14.0,,,4.0,10.0,3.0
05.04.2013,Karmasin,heute,800.0,,24.0,27.0,19.0,14.0,1.0,,2.0,9.0,10.0
06.04.2013,IMAS,Krone,1046.0,,25.0,27.0,18.0,14.0,,,4.0,10.0,2.0
07.04.2013,Gallup,Österreich,400.0,,25.0,27.0,19.0,14.0,,,1.0,9.0,10.0
20.04.2013,Gallup,Österreich,400.0,,24.0,27.0,19.0,13.0,,,2.0,10.0,10.0
20.04.2013,Karmasin,Profil,500.0,,25.0,28.0,19.0,13.0,,,1.0,10.0,8.0
03.05.2013,Karmasin,heute,800.0,,24.0,28.0,19.0,14.0,2.0,,2.0,8.0,8.0
09.05.2013,Gallup,Österreich,400.0,7./8.5.2013,25.0,26.0,19.0,15.0,,,,9.0,6.0
16.05.2013,Karmasin,Profil,500.0,,25.0,26.0,18.0,16.0,,,2.0,10.0,3.0
16.05.2013,IMAS,Krone,500.0,,28.0,29.0,19.0,12.0,,,3.0,7.0,4.0
30.05.2013,Gallup,Österreich,400.0,,25.0,27.0,18.0,15.0,,,2.0,9.0,8.0
31.05.2013,Karmasin,heute,800.0,,25.0,27.0,18.0,16.0,,,1.0,10.0,6.0
14.06.2013,Gallup,Österreich,400.0,,25.0,28.0,18.0,14.0,,,2.0,9.0,8.0
15.06.2013,Karmasin,Profil,500.0,,24.0,27.0,18.0,15.0,,,2.0,8.0,6.0
21.06.2013,Hajek,ATV,700.0,,25.0,27.0,18.0,16.0,1.0,,1.0,10.0,5.0
22.06.2013,IMAS,Krone,500.0,,26.0,28.0,19.0,12.0,,,4.0,8.0,6.0
23.06.2013,Gallup,Österreich,400.0,,25.0,28.0,18.0,14.0,,,2.0,9.0,8.0
28.06.2013,Karmasin,heute,800.0,,25.0,29.0,18.0,15.0,2.0,,2.0,7.0,6.0
28.06.2013,Oeconsult,meinBezirk,1000.0,,24.0,27.0,19.0,16.0,,,4.0,8.0,5.0
29.06.2013,Gallup,Österreich,400.0,,25.0,28.0,19.0,14.0,,,,8.0,6.0
07.07.2013,OGM,Kurier,806.0,,24.0,27.0,19.0,15.0,,,3.0,8.0,8.0
07.07.2013,market,Standard,507.0,,24.0,26.0,19.0,16.0,,,2.0,8.0,10.0
14.07.2013,Gallup,Österreich,400.0,,24.0,27.0,18.0,15.0,,,,,16.0
16.07.2013,Karmasin,Profil,500.0,,25.0,28.0,18.0,15.0,,,3.0,7.0,4.0
19.07.2013,market,Standard,500.0,,24.0,25.0,19.0,15.0,,,3.0,9.0,10.0
20.07.2013,Spectra,Kleine Zeitung,700.0,,24.0,27.0,18.0,14.0,2.0,,2.0,10.0,7.0
21.07.2013,IMAS,Krone,500.0,,25.0,27.0,19.0,13.0,,,3.0,10.0,7.0
26.07.2013,Karmasin,heute,800.0,,25.0,27.0,19.0,14.0,2.0,,2.0,9.0,4.0
28.07.2013,Gallup,Österreich,400.0,,25.0,27.0,18.0,15.0,,,2.0,8.0,10.0
08.08.2013,meinungsraum.at,neos,1000.0,,24.0,25.0,20.0,13.0,3.0,,2.0,9.0,8.0
09.08.2013,Gallup,Österreich,400.0,,25.0,28.0,17.0,16.0,2.0,,2.0,8.0,4.0
10.08.2013,Karmasin,Profil,500.0,,25.0,28.0,18.0,16.0,,,3.0,7.0,6.0
10.08.2013,IMAS,Krone,1028.0,,25.0,27.0,20.0,13.0,,,3.0,9.0,6.0
16.08.2013,market,Standard,401.0,9.-12.8.2013,24.0,26.0,18.0,15.0,2.0,,3.0,9.0,6.0
23.08.2013,Karmasin,heute,800.0,,25.0,28.0,20.0,15.0,2.0,,1.0,7.0,4.0
23.08.2013,Gallup,Österreich,400.0,,24.0,28.0,18.0,15.0,2.0,,2.0,9.0,4.0
24.08.2013,Spectra,Vorarlberger Nachrichten,700.0,,25.0,27.0,19.0,14.0,,,3.0,7.0,10.0
29.08.2013,meinungsraum.at,News,1000.0,,24.0,27.0,19.0,14.0,3.0,,2.0,8.0,6.0
30.08.2013,market,Standard,401.0,28.-30.8.2013,22.0,26.0,19.0,16.0,2.0,,3.0,6.0,6.0
01.09.2013,OGM,Kurier,753.0,28.-29.8.2013,24.0,27.0,20.0,15.0,,,3.0,7.0,4.0
01.09.2013,Gallup,Österreich,400.0,28.-29.8.2013,23.0,28.0,19.0,15.0,,,2.0,9.0,4.0
02.09.2013,Karmasin,Profil,500.0,,24.0,28.0,20.0,15.0,1.0,,2.0,7.0,3.0
06.09.2013,Gallup,Österreich,400.0,,24.0,28.0,19.0,15.0,2.0,,2.0,8.0,4.0
07.09.2013,Karmasin,heute,800.0,2.-5.9.2013,24.0,28.0,19.0,14.0,3.0,,2.0,8.0,4.0
13.09.2013,Gallup,Österreich,400.0,,24.0,28.0,19.0,15.0,2.0,,2.0,8.0,4.0
14.09.2013,Spectra,Vorarlberger Nachrichten,700.0,,23.0,26.0,20.0,13.0,,,4.0,9.0,5.0
15.09.2013,Karmasin,Profil,500.0,,25.0,28.0,20.0,15.0,3.0,,2.0,6.0,1.0
16.09.2013,market,Standard,440.0,11.-12.9.2013,22.0,26.0,20.0,15.0,2.0,,3.0,9.0,5.0
19.09.2013,Hajek,ATV,1000.0,9.-16.9.2013,23.0,27.0,20.0,15.0,3.0,,3.0,7.0,3.0
19.09.2013,meinungsraum.at,neos,1000.0,,24.0,28.0,19.0,15.0,4.0,,2.0,7.0,2.0
19.09.2013,Gallup,Österreich,400.0,18.-19.9.2013,23.0,27.0,20.0,14.0,4.0,,3.0,7.0,5.0
20.09.2013,market,Standard,1000.0,18.-19.9.2013,23.0,26.0,19.0,15.0,3.0,,4.0,7.0,6.0
21.09.2013,OGM,Kurier,780.0,16.-18.9.2013,22.0,27.0,21.0,14.0,4.0,,4.0,6.0,2.0
04.10.2013,Gallup,Österreich,400.0,2.-3.10.2013,23.0,28.0,21.0,13.0,7.0,,,4.0,4.0
19.10.2013,Gallup,Österreich,,,23.0,28.0,22.0,13.0,8.0,,,2.0,4.0
21.10.2013,market,Standard,603.0,15.-17.10.2013,23.0,25.0,25.0,12.0,7.0,,2.0,3.0,6.0
25.10.2013,Gallup,Österreich,400.0,,24.0,27.0,22.0,13.0,8.0,,,2.0,8.0
26.10.2013,Karmasin,Profil,500.0,,23.0,26.0,23.0,12.0,8.0,,,3.0,5.0
27.10.2013,market,Standard,603.0,,23.0,25.0,24.0,12.0,8.0,,2.0,4.0,4.0
08.11.2013,Karmasin,heute,800.0,,23.0,27.0,22.0,12.0,9.0,,,3.0,8.0
16.11.2013,Gallup,Österreich,400.0,14.-15.11.2013,23.0,26.0,23.0,14.0,9.0,,,1.0,4.0
23.11.2013,Karmasin,Profil,500.0,,23.0,26.0,23.0,14.0,9.0,,,3.0,2.0
25.11.2013,market,trend,446.0,,22.0,23.0,25.0,13.0,9.0,,2.0,4.0,2.0
01.12.2013,Gallup,Österreich,400.0,,22.0,25.0,23.0,15.0,10.0,,,2.0,3.0
12.12.2013,Hajek,ATV,500.0,,20.0,23.0,26.0,14.0,11.0,,,2.0,4.0
14.12.2013,Gallup,Österreich,400.0,,21.0,24.0,24.0,15.0,10.0,,,2.0,8.0
21.12.2013,Gallup,Österreich,400.0,,24.0,24.0,20.0,15.0,11.0,,,2.0,8.0
22.12.2013,market,Standard,405.0,,20.0,24.0,26.0,12.0,11.0,,2.0,2.0,6.0
15.01.2014,meinungsraum.at,News,500.0,,19.0,26.0,26.0,12.0,12.0,,,1.0,4.0
17.01.2014,Gallup,Österreich,400.0,,20.0,24.0,25.0,14.0,12.0,,,1.0,8.0
18.01.2014,IMAS,Krone,1000.0,,23.0,25.0,25.0,13.0,7.0,,,2.0,10.0
19.01.2014,market,Standard,403.0,,20.0,23.0,26.0,12.0,11.0,,2.0,2.0,8.0
30.01.2014,Gallup,Österreich,400.0,29.-30.01.2014,19.0,23.0,25.0,14.0,15.0,,,,8.0
14.02.2014,Gallup,Österreich,400.0,15.-16.02.2014,19.0,22.0,24.0,14.0,14.0,,,,14.0
06.03.2014,Gallup,Österreich,400.0,04.-06.03.2014,20.0,23.0,24.0,14.0,13.0,,2.0,1.0,6.0
11.03.2014,market,Standard,401.0,04.-06.03.2014,19.0,22.0,27.0,13.0,13.0,,1.0,2.0,6.0
13.03.2014,Hajek,ATV,1000.0,03.-12.03.2014,20.0,24.0,27.0,12.0,13.0,,,1.0,3.0
15.03.2014,IMAS,Krone,1000.0,,21.0,24.0,26.0,11.0,10.0,,,3.0,11.0
20.03.2014,meinungsraum.at,News,800.0,,18.0,24.0,27.0,12.0,14.0,,1.0,1.0,6.0
23.03.2014,Gallup,Österreich,400.0,,20.0,22.0,24.0,14.0,14.0,,2.0,1.0,6.0
30.03.2014,Gallup,Österreich,400.0,,19.0,24.0,24.0,14.0,14.0,,1.0,1.0,6.0
06.04.2014,OGM,Kurier,776.0,,21.0,26.0,24.0,12.0,13.0,,,2.0,4.0
12.04.2014,Gallup,Österreich,400.0,,20.0,24.0,23.0,14.0,14.0,,1.0,1.0,6.0
16.04.2014,IMAS,Krone,1000.0,,22.0,26.0,23.0,13.0,12.0,,,,8.0
21.04.2014,market,Standard,405.0,,19.0,22.0,27.0,12.0,13.0,,,2.0,10.0
01.05.2014,Gallup,Österreich,400.0,26.-28.04.2014,20.0,24.0,24.0,13.0,14.0,,,,5.0
10.05.2014,Gallup,Österreich,400.0,07.-09.05.2014,20.0,24.0,25.0,13.0,13.0,,,,5.0
28.05.2014,Gallup,Österreich,400.0,27.-28.05.2014,21.0,25.0,26.0,14.0,11.0,,,,3.0
05.06.2014,Unique research,Heute,800.0,,22.0,24.0,26.0,13.0,11.0,,,1.0,6.0
13.06.2014,market,Standard,404.0,04.-06.06.2014,19.0,22.0,27.0,15.0,11.0,,,,6.0
14.06.2014,Unique research,Profil,,,21.0,25.0,28.0,13.0,10.0,,,1.0,2.0
19.06.2014,Gallup,Österreich,400.0,16.-18.06.2014,21.0,25.0,27.0,14.0,9.0,,,,4.0
21.06.2014,OGM,Kurier,796.0,,22.0,26.0,25.0,13.0,10.0,,,1.0,3.0
26.06.2014,meinungsraum.at,News,800.0,,19.0,23.0,28.0,14.0,10.0,,,2.0,8.0
05.07.2014,Gallup,Österreich,400.0,01.-03.07.2014,20.0,26.0,27.0,14.0,9.0,,,,4.0
12.07.2014,Unique research,Profil,500.0,,21.0,24.0,28.0,12.0,11.0,,,2.0,2.0
02.08.2014,Gallup,Österreich,400.0,30.07.-01.08.2014,19.0,24.0,28.0,14.0,,,,,25.0
09.08.2014,Unique research,Profil,500.0,,19.0,25.0,29.0,13.0,10.0,,,2.0,2.0
09.08.2014,Gallup,Österreich,400.0,05.-07.08.2014,19.0,25.0,28.0,14.0,,,,,24.0
16.08.2014,IMAS,Krone,1000.0,,22.0,26.0,24.0,14.0,8.0,,,2.0,5.0
22.08.2014,Gallup,Österreich,400.0,,19.0,25.0,27.0,14.0,11.0,,,1.0,3.0
26.08.2014,market,Standard,401.0,,19.0,23.0,28.0,14.0,10.0,,,1.0,10.0
30.08.2014,Gallup,Österreich,400.0,27.-29.08.2014,19.0,25.0,28.0,15.0,10.0,,,1.0,2.0
04.09.2014,Unique research,Heute,800.0,28.08.-03.09.2014,24.0,25.0,26.0,11.0,10.0,,,2.0,2.0
04.09.2014,Gallup,Österreich,400.0,02.-04.09.2014,20.0,25.0,28.0,15.0,9.0,,,1.0,2.0
13.09.2014,Unique research,Profil,500.0,,25.0,25.0,26.0,12.0,9.0,,,2.0,2.0
13.09.2014,Gallup,Österreich,400.0,,21.0,25.0,27.0,15.0,9.0,,,1.0,2.0
18.09.2014,Gallup,Österreich,400.0,16.-18.09.2014,23.0,25.0,26.0,15.0,8.0,,,,3.0
30.09.2014,Hajek,ATV,1000.0,,24.0,24.0,26.0,13.0,9.0,,,3.0,1.0
02.10.2014,Gallup,Österreich,400.0,30.09.-02.10.2014,24.0,25.0,26.0,15.0,8.0,,,,2.0
10.10.2014,Gallup,Österreich,400.0,08.-10.10.2014,24.0,25.0,26.0,14.0,8.0,,,,3.0
10.10.2014,market,Standard,404.0,,21.0,22.0,26.0,16.0,8.0,,1.0,1.0,8.0
18.10.2014,Unique research,Profil,500.0,,25.0,25.0,26.0,12.0,9.0,,,2.0,2.0
19.10.2014,IMAS,Krone,,,24.0,25.0,24.0,13.0,8.0,,,2.0,8.0
23.10.2014,meinungsraum.at,News,800.0,,25.0,25.0,26.0,12.0,9.0,,,1.0,4.0
24.10.2014,Gallup,Österreich,400.0,21.-23.10.2014,24.0,25.0,25.0,14.0,8.0,,,,4.0
31.10.2014,Gallup,Österreich,400.0,29.-31.10.2014,25.0,25.0,26.0,14.0,6.0,,,,4.0
14.11.2014,Gallup,Österreich,400.0,11.-13.11.2014,25.0,25.0,24.0,14.0,7.0,,,,5.0
15.11.2014,Unique research,Profil,500.0,,27.0,27.0,26.0,12.0,7.0,,,1.0,0.0
22.11.2014,OGM,Kurier,806.0,,27.0,25.0,25.0,14.0,7.0,,,1.0,2.0
23.11.2014,market,Standard,447.0,,23.0,22.0,25.0,16.0,9.0,,,1.0,8.0
27.11.2014,meinungsraum.at,News,500.0,,24.0,23.0,27.0,15.0,7.0,,,1.0,6.0
27.11.2014,Hajek,ATV,1000.0,18.-26.11.2014,28.0,24.0,26.0,12.0,7.0,,,1.0,2.0
29.11.2014,Gallup,Österreich,400.0,25.-27.11.2014,25.0,25.0,25.0,14.0,7.0,,,,4.0
05.12.2014,Unique research,Profil,500.0,,28.0,25.0,25.0,12.0,8.0,,,,4.0
05.12.2014,Gallup,Österreich,400.0,,25.0,24.0,26.0,14.0,7.0,,,,8.0
19.12.2014,Gallup,Österreich,400.0,16.-18.12.2014,27.0,23.0,26.0,13.0,7.0,,,,4.0
20.12.2014,Unique research,Profil,500.0,,28.0,25.0,25.0,12.0,8.0,,,1.0,2.0
01.01.2015,OGM,Kurier,800.0,,26.0,25.0,26.0,14.0,7.0,,,1.0,2.0
01.01.2015,market,Standard,422.0,,23.0,23.0,26.0,15.0,8.0,,,1.0,8.0
10.01.2015,Gallup,Österreich,400.0,07.-08.01.2015,26.0,24.0,27.0,13.0,7.0,,,,3.0
23.01.2015,Gallup,Österreich,400.0,20.-22.01.2015,25.0,25.0,26.0,13.0,7.0,,,,4.0
24.01.2015,Unique research,Profil,500.0,,26.0,26.0,28.0,12.0,7.0,,,1.0,0.0
31.01.2015,Gallup,Österreich,400.0,,25.0,25.0,26.0,13.0,7.0,,,,8.0
06.02.2015,market,Standard,405.0,,24.0,22.0,26.0,15.0,8.0,,1.0,1.0,6.0
12.02.2015,meinungsraum.at,News,500.0,,24.0,25.0,27.0,12.0,7.0,,,1.0,8.0
13.02.2015,Gallup,Österreich,400.0,10.-12.02.2015,25.0,26.0,26.0,13.0,7.0,,,,3.0
21.02.2015,Unique research,Profil,500.0,,26.0,26.0,26.0,12.0,8.0,,,1.0,1.0
22.02.2015,IMAS,Krone,1000.0,,26.0,27.0,26.0,14.0,5.0,,,1.0,1.0
08.03.2015,market,Standard,400.0,,23.0,22.0,27.0,16.0,7.0,,1.0,1.0,6.0
12.03.2015,Hajek,ATV,500.0,,27.0,24.0,26.0,12.0,7.0,,,2.0,2.0
13.03.2015,Gallup,Österreich,400.0,10.-12.03.2015,24.0,25.0,27.0,13.0,7.0,,,,
20.03.2015,Gallup,Österreich,400.0,17.03.-19.03.2015,25.0,26.0,26.0,13.0,6.0,,,,
21.03.2015,Unique research,Profil,500.0,,26.0,25.0,24.0,13.0,8.0,,,2.0,
27.03.2015,Unique research,Heute,800.0,,27.0,26.0,24.0,12.0,7.0,,,2.0,
29.03.2015,market,Standard,405.0,20.-23.03.2015,24.0,23.0,26.0,15.0,6.0,,,1.0,
01.04.2015,Gallup,Österreich,400.0,,26.0,26.0,25.0,12.0,7.0,,,,4.0
10.04.2015,Gallup,Österreich,400.0,,26.0,26.0,25.0,13.0,6.0,,,,4.0
17.04.2015,Gallup,Österreich,400.0,,26.0,26.0,26.0,12.0,6.0,,,,4.0
18.04.2015,IMAS,Krone,,,27.0,28.0,25.0,13.0,5.0,,,1.0,
25.04.2015,Unique research,Profil,500.0,,24.0,27.0,26.0,14.0,6.0,,,2.0,1.0
10.05.2015,Gallup,Österreich,400.0,,25.0,26.0,26.0,13.0,6.0,,,,4.0
14.05.2015,Gallup,Österreich,400.0,,25.0,25.0,26.0,14.0,6.0,,,,4.0
21.05.2015,Unique research,Profil,500.0,,25.0,26.0,27.0,13.0,6.0,,,1.0,2.0
30.05.2015,Gallup,Österreich,400.0,,25.0,26.0,27.0,13.0,5.0,,,,4.0
04.06.2015,Gallup,Österreich,400.0,,24.0,25.0,28.0,13.0,6.0,,,,4.0
06.06.2015,market,Standard,400.0,01.-03.06.2015,23.0,23.0,28.0,15.0,6.0,,1.0,1.0,3.0
10.06.2015,Hajek,ATV,500.0,03.-10.06.2015,25.0,23.0,28.0,15.0,6.0,,,1.0,2.0
15.06.2015,IMAS,Krone,1000.0,,26.0,26.0,26.0,14.0,4.0,,,1.0,3.0
20.06.2015,Gallup,Österreich,400.0,16.-18.06.2015,24.0,24.0,28.0,15.0,5.0,,,,4.0
20.06.2015,Unique research,Profil,500.0,,24.0,23.0,28.0,15.0,7.0,,,1.0,2.0
23.06.2015,Ifes,Kurier,1000.0,,23.0,24.0,27.0,16.0,4.0,,,,6.0
26.06.2015,Unique research,Heute,800.0,18.-25.06.2015,23.0,24.0,29.0,15.0,6.0,,,1.0,2.0
02.07.2015,Gallup,Österreich,400.0,30.06.-02.07.2015,24.0,23.0,28.0,15.0,6.0,,,,
17.07.2015,Gallup,Österreich,400.0,14.-16.07.2015,22.0,23.0,29.0,15.0,7.0,,,,
25.07.2015,Unique research,Profil,500.0,,23.0,24.0,30.0,13.0,8.0,,,1.0,
31.07.2015,Gallup,Österreich,400.0,28.-30.07.2015,23.0,23.0,29.0,14.0,7.0,,,,
17.08.2015,market,Standard,400.0,11.-14.8.2015,22.0,23.0,29.0,16.0,6.0,,,1.0,
22.08.2015,Unique research,Profil,,,23.0,22.0,31.0,13.0,7.0,,,,
22.08.2015,IMAS,Krone,1000.0,,26.0,26.0,26.0,13.0,5.0,,,2.0,2.0
19.09.2015,Unique research,Profil,500.0,,21.0,23.0,33.0,14.0,6.0,,,,
20.09.2015,Gallup,Österreich,,,21.0,25.0,32.0,12.0,,,,,
20.09.2015,market,Standard,,,23.0,22.0,32.0,15.0,4.0,,,,
01.10.2015,Gallup,Österreich,400.0,29.09.-01.10.2015,20.0,24.0,33.0,13.0,6.0,,,,
15.10.2015,Gallup,Österreich,,,20.0,23.0,33.0,14.0,7.0,,,,
19.10.2015,market,Standard,416.0,13.-16.10.2015,22.0,24.0,30.0,15.0,5.0,,,,
22.10.2015,IMAS,Krone,1000.0,,24.0,25.0,32.0,12.0,5.0,,,1.0,
31.10.2015,Unique research,Profil,500.0,,19.0,24.0,32.0,15.0,7.0,,,,
05.11.2015,Gallup,Österreich,400.0,3.-5.11.2015,21.0,24.0,32.0,13.0,7.0,,,,
21.11.2015,Gallup,Österreich,400.0,17.-19.11.2015,21.0,24.0,33.0,12.0,7.0,,,,
21.11.2015,Unique research,Profil,500.0,,20.0,22.0,32.0,13.0,9.0,,,,
19.12.2015,IMAS,Krone,,,25.0,26.0,27.0,13.0,5.0,,,1.0,
19.12.2015,Unique research,Profil,500.0,,22.0,24.0,31.0,13.0,8.0,,,,
16.01.2016,Gallup,Österreich,,,22.0,22.0,34.0,11.0,7.0,,,,
23.01.2016,Unique research,Profil,500.0,,24.0,23.0,30.0,14.0,8.0,,,,
24.01.2016,Unique research,Heute,800.0,,24.0,22.0,31.0,13.0,8.0,,,0.0,
06.02.2016,Gallup,Österreich,400.0,02.-04.02.2016,23.0,22.0,33.0,11.0,7.0,,,,
07.02.2016,Hajek,ATV,700.0,,25.0,23.0,31.0,12.0,6.0,,,1.0,
20.02.2016,Unique research,Profil,500.0,,24.0,23.0,32.0,12.0,8.0,,,,
06.03.2016,market,Standard,400.0,01.-03.03.2016,22.0,23.0,32.0,14.0,5.0,,,,4.0
11.03.2016,Gallup,Österreich,400.0,08.-10.03.2016,23.0,23.0,33.0,12.0,6.0,,,,
19.03.2016,Unique research,Profil,500.0,14.-17.03.2016,24.0,22.0,32.0,14.0,6.0,,,,
06.04.2016,Gallup,Österreich,400.0,04.-06.04.2016,24.0,23.0,33.0,12.0,5.0,,,,
08.04.2016,Unique research,Heute,800.0,31.03.-06.04.2016,23.0,23.0,32.0,14.0,7.0,,,0.0,
09.04.2016,Hajek,ATV,700.0,,22.0,22.0,32.0,15.0,7.0,,,0.0,
09.04.2016,OGM,OÖN,1013.0,01.-06.04.2016,23.0,23.0,31.0,14.0,6.0,,,1.0,2.0
12.05.2016,Gallup,Österreich,,,22.0,21.0,34.0,13.0,7.0,,,,
19.05.2016,Gallup,Österreich,600.0,19.-19.05.2016,22.0,23.0,33.0,13.0,6.0,,,,
22.05.2016,Hajek,ATV,800.0,,18.0,26.0,34.0,13.0,8.0,,,,1.0
05.06.2016,Gallup,Österreich,600.0,24.-26.05.2016,21.0,24.0,34.0,13.0,6.0,,,,
18.06.2016,Unique research,Profil,500.0,,19.0,25.0,34.0,14.0,7.0,,,,
18.06.2016,OGM,Kurier,789.0,14.-16.06.2016,22.0,25.0,33.0,12.0,6.0,,,,
25.06.2016,Hajek,ATV,700.0,,18.0,24.0,35.0,14.0,7.0,,,1.0,
08.07.2016,Gallup,Österreich,600.0,05.-06.07.2016,19.0,25.0,34.0,12.0,8.0,,,,
16.07.2016,Unique research,Profil,500.0,,20.0,24.0,35.0,14.0,6.0,,,,
12.08.2016,Gallup,Österreich,600.0,10.-11.08.2016,19.0,25.0,35.0,11.0,7.0,,,,
20.08.2016,Unique research,Profil,500.0,,21.0,26.0,33.0,12.0,7.0,,,,
22.08.2016,market,Standard,400.0,16.-17.08.2016,18.0,25.0,34.0,12.0,8.0,,,,
27.08.2016,Gallup,Österreich,600.0,23.-24.08.2016,20.0,25.0,35.0,11.0,7.0,,,,
28.08.2016,OGM,Kurier,778.0,,21.0,26.0,33.0,12.0,6.0,,,,
03.09.2016,Hajek,ATV,700.0,,21.0,26.0,34.0,14.0,6.0,,,0.0,
08.09.2016,Gallup,Österreich,600.0,07.-08.09.2016,20.0,26.0,34.0,11.0,7.0,,,,
09.09.2016,Unique research,Heute,800.0,07.-07.09.2016,19.0,26.0,35.0,12.0,6.0,,,0.0,
16.09.2016,Gallup,Österreich,800.0,13.-15.09.2016,19.0,26.0,35.0,11.0,7.0,,,,
17.09.2016,Unique research,Profil,500.0,,20.0,26.0,33.0,13.0,7.0,,,,
24.09.2016,Gallup,Österreich,800.0,20.-22.09.2016,19.0,27.0,34.0,11.0,7.0,,,,
08.10.2016,Gallup,Österreich,800.0,04.-06.10.2016,19.0,27.0,34.0,12.0,6.0,,,,
15.10.2016,Unique research,Profil,500.0,,18.0,28.0,34.0,12.0,6.0,,,,
03.11.2016,Akonsult,RMA,607.0,,22.0,25.0,33.0,12.0,7.0,,,1.0,
04.11.2016,Gallup,Österreich,800.0,,18.0,27.0,35.0,12.0,6.0,,,,
08.12.2016,Research Affairs,Österreich,600.0,06.-08.12.2016,18.0,26.0,35.0,13.0,7.0,,,,
09.12.2016,Gallup,Österreich,800.0,06.-09.12.2016,19.0,27.0,34.0,12.0,6.0,,,,
19.12.2016,market,Standard,415.0,13.-15.12.2016,22.0,25.0,31.0,12.0,6.0,,,,
30.12.2016,Unique research,Profil,500.0,,19.0,28.0,34.0,11.0,7.0,,,,
07.01.2017,Research Affairs,Österreich,500.0,03.-05.01.2017,18.0,27.0,34.0,12.0,7.0,,,,
20.01.2017,Research Affairs,Österreich,600.0,17.-18.01.2017,19.0,28.0,34.0,11.0,6.0,,,,
21.01.2017,OGM,Kurier,783.0,17.-19.01.2017,20.0,27.0,33.0,12.0,6.0,,,,
21.01.2017,Unique research,Profil,500.0,,20.0,27.0,33.0,11.0,8.0,,,,
26.01.2017,Unique research,Heute,800.0,23.-25.01.2017,19.0,29.0,32.0,12.0,6.0,,,,
02.02.2017,Research Affairs,Österreich,602.0,31.01.-02.02.2017,20.0,29.0,33.0,10.0,6.0,,,,
16.02.2017,Research Affairs,Österreich,602.0,14.-16.02.2017,19.0,28.0,34.0,11.0,6.0,,,,
18.02.2017,Unique research,Profil,500.0,,20.0,29.0,31.0,11.0,6.0,,,,
03.03.2017,Research Affairs,Österreich,600.0,28.02.-02.03.2017,19.0,29.0,33.0,11.0,6.0,,,,
16.03.2017,Research Affairs,Österreich,600.0,13.-15.03.2017,19.0,29.0,33.0,12.0,6.0,,,,
18.03.2017,Unique research,Profil,500.0,13.-16.03.2017,22.0,29.0,31.0,12.0,5.0,,,,
19.03.2017,market,Standard,412.0,,20.0,29.0,30.0,12.0,6.0,,,1.0,
01.04.2017,Research Affairs,Österreich,600.0,29.-31.03.2017,20.0,28.0,33.0,11.0,5.0,,,,
07.04.2017,GfK,TT,2000.0,01.03.-01.04.2017,23.5,29.5,27.5,10.5,4.5,,,,
13.04.2017,Research Affairs,Österreich,602.0,11.-13.04.2017,21.0,30.0,32.0,9.0,5.0,,,,
20.04.2017,IMAS,Krone,1003.0,,26.0,26.0,27.0,14.0,,,,,5.0
21.04.2017,Spectra,Oberösterreichische Nachrichten,1502.0,19.01.-26.03.2017,21.0,28.0,30.0,12.0,4.0,,,1.0,
27.04.2017,Unique Research,Profil,500.0,19.-25.04.2017,23.0,28.0,32.0,9.0,6.0,,,,
28.04.2017,Research Affairs,Österreich,600.0,26.-27.04.2017,34.0,23.0,25.0,9.0,6.0,,,,
08.05.2017,market,Standard,400.0,03.-05.05.2017,21.0,28.0,29.0,11.0,7.0,,,1.0,
13.05.2017,Ifes,Krone,1200.0,09.-12.05.2017,28.0,28.0,26.0,12.0,5.0,,,,
18.05.2017,Research Affairs,Österreich,600.0,16.-18.05.2017,35.0,20.0,26.0,9.0,7.0,,,,
19.05.2017,Unique Research,Heute,800.0,15.-18.05.2017,33.0,26.0,26.0,8.0,5.0,,,1.0,
20.05.2017,Unique Research,Profil,500.0,15.-19.05.2017,33.0,27.0,26.0,8.0,5.0,,,,
21.05.2017,OGM,Kurier,800.0,16.-18.05.2017,31.0,28.0,26.0,9.0,4.0,,,,
26.05.2017,market,Standard,801.0,19.-23.05.2017,32.0,27.0,25.0,9.0,5.0,,,,
03.06.2017,Research Affairs,Österreich,600.0,30.05.-02.06.2017,34.0,21.0,26.0,10.0,6.0,,,,
09.06.2017,Hajek,ATV,704.0,01.-08.06.2017,34.0,26.0,24.0,9.0,5.0,,,,
15.06.2017,Research Affairs,Österreich,600.0,13.-15.06.2017,33.0,22.0,26.0,10.0,5.0,,,,
24.06.2017,Unique Research,Profil,500.0,19.-23.06.2017,32.0,28.0,25.0,8.0,5.0,,,,
25.06.2017,market,Standard,800.0,,33.0,26.0,24.0,9.0,4.0,,,,
29.06.2017,Research Affairs,Österreich,600.0,27.-29.06.2017,33.0,23.0,25.0,9.0,6.0,,,,
06.07.2017,Research Affairs,Österreich,600.0,04.-06.07.2017,34.0,23.0,25.0,6.0,4.0,,,,5.0
08.07.2017,Spectra,Oberösterreichische Nachrichten,1010.0,07.-29.06.2017,30.0,23.0,27.0,9.0,5.0,,,2.0,4.0
10.07.2017,Ifes,Krone,804.0,26.06.-04.07.2017,34.0,31.0,22.0,8.0,4.0,,,,2.0
16.07.2017,GfK,Kurier,1000.0,11.-12.07.2017,32.0,25.0,22.0,7.5,5.0,6.5,,,
19.07.2017,IMAS,Krone,1027.0,13.06.-14.07.2017,35.0,25.0,24.0,11.0,3.0,,,,2.0
21.07.2017,Research Affairs,Österreich,600.0,18.-20.07.2017,33.0,24.0,23.0,6.0,5.0,4.0,,,5.0
21.07.2017,Matzka,News,800.0,05.-12.07.2017,32.0,26.0,27.0,6.0,6.0,,,,1.0
23.07.2017,OGM,Kurier,503.0,19.-21.07.2017,32.0,26.0,26.0,7.0,5.0,2.0,,,
29.07.2017,Unique Research,Profil,500.0,24.-27.07.2017,33.0,26.0,22.0,7.0,6.0,5.0,,,
04.08.2017,Research Affairs,Österreich,600.0,31.07.-02.08.2017,34.0,23.0,23.0,7.0,5.0,4.0,,,
09.08.2017,market,Standard,802.0,31.07.-03.08.2017,33.0,25.0,24.0,7.0,5.0,4.0,,,
13.08.2017,GfK,Kurier,1000.0,31.07.-08.08.2017,32.0,25.0,22.0,6.0,5.0,6.0,,,
14.08.2017,AKonsult,Mein Bezirk,603.0,28.07.-04.08.2017,32.0,25.0,25.0,6.0,5.0,7.0,,,
17.08.2017,Research Affairs,Österreich,600.0,14.-15.08.2017,34.0,22.0,24.0,7.0,5.0,5.0,,,1.0
18.08.2017,Hajek,ATV,700.0,09.-16.08.2017,32.0,27.0,24.0,5.0,6.0,4.0,,,
25.08.2017,Research Affairs,Österreich,600.0,21.-23.08.2017,33.0,22.0,23.0,7.0,5.0,6.0,,,
26.08.2017,Unique Research,Profil,500.0,21.-25.08.2017,33.0,25.0,23.0,4.0,6.0,6.0,,,
01.09.2017,Research Affairs,Österreich,400.0,30.-31.08.2017,33.0,23.0,24.0,7.0,5.0,5.0,,,
01.09.2017,Unique Research,Heute,800.0,24.-30.08.2017,33.0,24.0,23.0,6.0,5.0,5.0,,,
08.09.2017,Research Affairs,Österreich,600.0,05.-06.09.2017,33.0,24.0,24.0,6.0,5.0,5.0,,,
10.09.2017,OGM,Kurier,805.0,05.-09.09.2017,33.0,25.0,25.0,5.0,5.0,5.0,,,
11.09.2017,market,Standard,814.0,05.-06.09.2017,33.0,26.0,24.0,4.0,5.0,5.0,,,
15.09.2017,Research Affairs,Österreich,600.0,12.-14.09.2017,33.0,24.0,25.0,5.0,5.0,5.0,,,
17.09.2017,IMAS,Krone,1033.0,17.08.-11.09.2017,34.0,23.0,24.0,8.0,4.0,4.0,,,3.0
21.09.2017,Research Affairs,Österreich,600.0,19.-21.09.2017,33.0,24.0,25.0,6.0,6.0,4.0,,,2.0
23.09.2017,Unique Research,Profil,500.0,18.-22.09.2017,33.0,24.0,24.0,5.0,5.0,5.0,,,4.0
24.09.2017,OGM,Kurier,803.0,19.-21.09.2017,33.0,26.0,25.0,5.0,5.0,4.0,,,2.0
29.09.2017,Matzka,News,800.0,15.-22.09.2017,32.0,26.0,25.0,4.0,5.0,5.0,,,3.0
29.09.2017,Unique Research,Heute/ATV,1500.0,21.-28.09.2017,34.0,27.0,25.0,4.0,4.0,4.0,,,2.0
30.09.2017,Spectra,Oberösterreichische Nachrichten,900.0,06.-26.09.2017,33.0,22.0,27.0,6.0,4.0,5.0,,,3.0
01.10.2017,Research Affairs,Österreich,1000.0,25.-28.09.2017,33.0,24.0,26.0,5.0,6.0,4.0,,,2.0
05.10.2017,Research Affairs,Österreich,600.0,02.-04.10.2017,34.0,22.0,27.0,5.0,6.0,4.0,,,2.0
06.10.2017,market,Standard,813.0,02.-03.10.2017,33.0,23.0,25.0,5.0,5.0,6.0,,,3.0
08.10.2017,OGM,Kurier,1002.0,29.09.-05.10.2017,33.0,27.0,25.0,4.0,5.0,4.0,,,2.0
09.10.2017,Research Affairs,Österreich,1000.0,06.-08.10.2017,33.0,23.0,27.0,5.0,6.0,5.0,,,1.0
09.11.2017,Research Affairs,Österreich,600.0,07.-09.11.2017,33.0,27.0,27.0,5.0,4.0,2.0,,,
13.11.2017,market,Standard,1030.0,06.-09.11.2017,31.0,28.0,26.0,4.0,5.0,4.0,,,
18.11.2017,Unique Research,Profil,500.0,13.-17.11.2017,32.0,28.0,24.0,6.0,6.0,2.0,,,
03.12.2017,Research Affairs,Österreich,600.0,21.-23.11.2017,32.0,27.0,27.0,4.0,4.0,2.0,,,
10.12.2017,market,Standard,814.0,01.-06.12.2017,32.0,26.0,26.0,5.0,6.0,3.0,,,
16.12.2017,Unique Research,Profil,500.0,11.-13.12.2017,31.0,27.0,26.0,3.0,8.0,3.0,,,
23.12.2017,Research Affairs,Österreich,600.0,18.-20.11.2017,32.0,26.0,28.0,3.0,6.0,2.0,,,
11.01.2018,Research Affairs,Österreich,1020.0,04.-10.01.2018,31.0,27.0,27.0,4.0,6.0,2.0,,,
20.01.2018,Unique Research,Profil,500.0,15.-19.01.2018,34.0,27.0,25.0,4.0,6.0,3.0,,,
27.01.2018,Research Affairs,Österreich,997.0,18.-24.01.2018,31.0,27.0,26.0,4.0,6.0,3.0,,,
08.02.2018,Research Affairs,Österreich,1001.0,01.-08.02.2018,31.0,26.0,25.0,5.0,6.0,3.0,,,
17.02.2018,Unique Research,Profil,500.0,11.-16.02.2018,33.0,26.0,26.0,5.0,7.0,2.0,,,
22.02.2018,Research Affairs,Österreich,1010.0,15.-21.02.2018,31.0,26.0,24.0,5.0,7.0,3.0,,,
08.03.2018,Research Affairs,Österreich,1048.0,01.-07.03.2018,32.0,27.0,24.0,4.0,6.0,3.0,,,
17.03.2018,Unique Research,Profil,500.0,12.-15.03.2018,31.0,28.0,25.0,6.0,7.0,3.0,,,
23.03.2018,OGM,Servus TV,519.0,19.-21.03.2018,32.0,28.0,24.0,5.0,7.0,3.0,,,
23.03.2018,Unique Research,Heute,800.0,19.-22.03.2018,32.0,30.0,23.0,4.0,8.0,2.0,,,1.0
22.03.2018,Research Affairs,Österreich,1008.0,14.-21.03.2018,32.0,28.0,22.0,5.0,6.0,3.0,,,
25.03.2018,IMAS,Krone,2073.0,14.02.-06.03.2018,32.0,28.0,25.0,3.0,7.0,2.0,,,
03.04.2018,market,Standard,811.0,26.-29.03.2018,32.0,28.0,25.0,4.0,8.0,2.0,,,1.0
07.04.2018,Research Affairs,Österreich,1008.0,29.03.-04.04.2018,32.0,28.0,23.0,4.0,7.0,3.0,,,
14.04.2018,Unique Research,Profil,500.0,08.-13.04.2018,33.0,27.0,24.0,6.0,6.0,2.0,,,
19.04.2018,Research Affairs,Österreich,1004.0,12.-18.04.2018,32.0,27.0,24.0,5.0,7.0,2.0,,,
27.04.2018,Hajek,ATV,700.0,04.-11.06.2018,34.0,26.0,25.0,4.0,8.0,1.0,,,
03.05.2018,Research Affairs,Österreich,1005.0,26.04.-02.05.2018,32.0,28.0,24.0,4.0,7.0,2.0,,,
11.05.2018,Spectra,Oberösterreichische Nachrichten,997.0,01.-31.03.2018,31.0,27.0,29.0,2.0,4.0,6.0,,,
17.05.2018,Research Affairs,Österreich,1008.0,10.-16.05.2018,32.0,27.0,23.0,5.0,6.0,3.0,,,
26.05.2018,OGM,Profil,800.0,22.-25.05.2018,32.0,25.0,25.0,6.0,7.0,4.0,,,
31.05.2018,IMAS,IMAS,1007.0,18.04.-09.05.2018,33.0,28.0,26.0,5.0,5.0,2.0,,,2.0
31.05.2018,Research Affairs,Österreich,1003.0,24.-30.05.2018,32.0,26.0,24.0,5.0,5.0,3.0,,,
08.06.2018,Unique Research,Heute,800.0,04.-06.06.2018,33.0,27.0,25.0,4.0,8.0,1.0,,,
14.06.2018,Research Affairs,Österreich,1004.0,07.-13.06.2018,33.0,26.0,25.0,5.0,5.0,2.0,,,
21.06.2018,market,Standard,800.0,12.-15.06.2018,34.0,26.0,25.0,5.0,7.0,2.0,,,1.0
23.06.2018,Unique Research,Profil,800.0,18.-21.06.2018,33.0,27.0,25.0,4.0,7.0,3.0,,,
28.06.2018,Research Affairs,Österreich,1004.0,21.-27.06.2018,33.0,26.0,25.0,5.0,6.0,2.0,,,
29.06.2018,Spectra,Oberösterreichische Nachrichten,709.0,06.-29.06.2018,34.0,26.0,28.0,3.0,4.0,4.0,,,
01.07.2018,OGM,Kurier,806.0,26.-28.06.2018,33.0,28.0,25.0,5.0,6.0,2.0,,,
14.07.2018,Unique Research,Profil,800.0,09.-13.07.2018,34.0,29.0,24.0,4.0,5.0,2.0,,,
10.08.2018,Research Affairs,Österreich,1002.0,02.-08.08.2018,33.0,27.0,24.0,3.0,7.0,2.0,,,
11.08.2018,Unique Research,Profil,800.0,,34.0,29.0,23.0,4.0,5.0,2.0,,,
23.08.2018,Research Affairs,Österreich,1001.0,16.-22.08.2018,33.0,26.0,23.0,3.0,8.0,3.0,,,
27.08.2018,market,Standard,800.0,,33.0,28.0,23.0,6.0,7.0,2.0,,,
07.09.2018,Unique Research,Heute,631.0,,33.0,29.0,23.0,5.0,7.0,2.0,,,1.0
08.09.2018,Research Affairs,Österreich,1002.0,30.08.-05.09.2018,33.0,27.0,23.0,3.0,7.0,3.0,,,
15.09.2018,Unique Research,Profil,800.0,10.-13.09.2018,34.0,28.0,25.0,4.0,7.0,1.0,,,
21.09.2018,Research Affairs,Österreich,506.0,19.-20.09.2018,34.0,24.0,24.0,4.0,8.0,2.0,,,
29.09.2018,market,Standard,804.0,,33.0,28.0,23.0,5.0,8.0,2.0,,,1.0
04.10.2018,Research Affairs,Österreich,1003.0,27.09.-03.10.2018,34.0,27.0,23.0,4.0,7.0,2.0,,,
13.10.2018,Unique Research,Profil,800.0,08.-12.10.2018,34.0,26.0,25.0,5.0,7.0,2.0,,,
13.10.2018,OGM,Kurier,802.0,,34.0,26.0,26.0,4.0,6.0,2.0,,,
18.10.2018,Research Affairs,Österreich,1001.0,11.-17.10.2018,34.0,26.0,24.0,4.0,7.0,2.0,,,
01.11.2018,Research Affairs,Österreich,1004.0,24.-30.10.2018,34.0,25.0,25.0,4.0,7.0,2.0,,,
02.11.2018,Hajek,ATV,1000.0,22.-31.10.2018,33.0,25.0,25.0,6.0,7.0,2.0,,,
15.11.2018,Research Affairs,Österreich,1001.0,8.-14.11.2018,34.0,25.0,24.0,5.0,6.0,3.0,,,
17.11.2018,Spectra,Oberösterreichische Nachrichten,1006.0,9.-29.10.2018,33.0,25.0,26.0,4.0,6.0,5.0,,,
17.11.2018,Unique Research,Profil,800.0,12.-16.11.2018,35.0,24.0,24.0,5.0,9.0,2.0,,,
06.12.2018,Unique Research,Heute,800.0,,33.0,26.0,22.0,6.0,9.0,3.0,,,
13.12.2018,Hajek,ATV,800.0,03.-11.12.2018,35.0,26.0,22.0,5.0,9.0,3.0,,,
15.12.2018,market,Standard,804.0,07.-12.2018,34.0,27.0,24.0,5.0,7.0,2.0,,,
15.12.2018,Unique Research,Profil,800.0,,35.0,26.0,22.0,6.0,8.0,2.0,,,
12.01.2019,Unique Research,Profil,800.0,,35.0,27.0,21.0,6.0,8.0,2.0,,,
21.01.2019,OGM,Kurier,803.0,15.-17.01.2019,35.0,25.0,26.0,5.0,7.0,2.0,,,
09.02.2019,Research Affairs,Österreich,1002.0,31.01.-06.02.2019,34.0,25.0,23.0,5.0,7.0,3.0,,,
16.02.2019,Demox Research,Presse,1000.0,05.-08.02.2019,34.0,27.0,22.0,5.0,8.5,1.5,,,
16.02.2019,Unique Research,Profil,800.0,11.-15.02.2019,32.0,26.0,25.0,6.0,8.0,1.0,,,
07.03.2019,Research Affairs,Österreich,1001.0,26.02.-06.03.2019,34.0,24.0,24.0,6.0,7.0,3.0,,,
08.03.2019,Unique Research,Heute,800.0,04.-07.03.2019,33.0,27.0,24.0,6.0,7.0,2.0,,,
13.04.2019,Research Affairs,Österreich,1001.0,28.03.-03.04.2019,34.0,24.0,23.0,5.0,8.0,3.0,,,
13.04.2019,Unique Research,Profil,800.0,08.-12.04.2019,34.0,28.0,22.0,5.0,7.0,2.0,,,
20.05.2019,Research Affairs,Österreich,500.0,18.-20.05.2019,38.0,26.0,18.0,5.0,9.0,,,,
01.06.2019,OGM,Kurier,805.0,27.-29.05.2019,36.0,22.0,21.0,10.0,8.0,1.5,,,1.5
02.06.2019,Unique Research,Krone,954.0,29.-31.05.2019,38.0,21.0,19.0,10.0,10.0,1.0,,,
02.06.2019,Research Affairs,Österreich,500.0,29.-31.05.2019,38.0,23.0,17.0,8.0,10.0,1.0,,,
05.06.2019,Resarch Affairs,Österreich,1000.0,29.05.-04.06.2019,38.0,23.0,17.0,9.0,9.0,1.0,,,
06.06.2019,Unique Research,Profil,800.0,31.05.-05.06.2019,37.0,20.0,21.0,10.0,10.0,1.0,,,
19.06.2019,Sora,ORF,1458.0,31.05.-10.06.2019,38.0,21.0,18.0,12.0,8.0,1.0,,,2.0
01.07.2019,Hajek,ATV,800.0,24.-28.06.2019,38.0,20.0,20.0,11.0,9.0,1.0,,,1.0
06.07.2019,Research Affairs,Österreich,1002.0,27.06.-04.07.2019,37.0,22.0,18.0,11.0,8.0,2.0,,,
11.07.2019,Unique Research,Krone,1200.0,01.-10.07.2019,37.0,23.0,19.0,11.0,8.0,1.0,,,
13.07.2019,Unique Research,Profil,800.0,08.-12.07.2019,37.0,20.0,21.0,11.0,9.0,1.0,,,
13.07.2019,Research Affairs,Österreich,501.0,05.-10.07.2019,37.0,22.0,18.0,12.0,8.0,1.0,,,
18.07.2019,Research Affairs,Österreich,1002.0,05.-17.07.2019,37.0,22.0,19.0,12.0,7.0,1.0,,,
25.07.2019,Research Affairs,Österreich,504.0,18.-24.07.2019,36.0,22.0,20.0,12.0,7.0,1.0,,,
02.08.2019,Research Affairs,Österreich,502.0,25.-31.07.2019,36.0,22.0,20.0,12.0,7.0,1.0,,,
11.08.2019,market,Standard,800.0,02.-05.08.2019,35.0,22.0,20.0,10.0,10.0,1.0,,,
14.08.2019,OGM,Kurier,812.0,,35.0,23.0,20.0,11.0,8.0,1.5,,,
24.08.2019,Unique Research,Profil,800.0,19.-22.08.2019,36.0,20.0,20.0,12.0,9.0,1.0,,,
06.09.2019,Karmasin,PULS 24,3000.0,,35.0,21.0,20.0,12.0,9.0,1.0,,,
07.09.2019,market,Standard,800.0,02.-04.09.2019,34.0,22.0,21.0,11.0,9.0,2.0,,,
14.09.2019,OGM,Kurier,2167.0,,35.0,22.0,20.0,11.0,8.0,2.0,,,
14.09.2019,Unique Research,Heute,2402.0,02.-13.09.2019,33.0,22.0,20.0,13.0,8.0,2.0,,,2.0
18.09.2019,Karmasin,PULS 24,3000.0,11.-17.09.2019,34.0,22.0,20.0,13.0,9.0,1.0,,,1.0
18.09.2019,market,Weekend Magazin,800.0,,34.0,22.0,21.0,10.0,10.0,2.0,,,1.0
22.09.2019,Hajek,Puls4,3021.0,,34.0,22.0,20.0,13.0,8.0,2.0,,,
26.09.2019,OGM,Servus TV,1006.0,16.-23.09.2019,34.0,22.0,20.0,12.0,8.0,2.0,,,
17.10.2019,Research Affairs,Österreich,1001.0,10.-16.10.2019,38.0,20.0,15.0,15.0,8.0,,,,
07.11.2019,Research Affairs,Österreich,1002.0,02.-07.11.2019,37.0,20.0,15.0,16.0,9.0,,,,
14.11.2019,Research Affairs,Österreich,844.0,08.-14.11.2019,38.0,20.0,15.0,16.0,8.0,,,,
14.11.2019,Karmasin,PULS 24,3000.0,08.-13.11.2019,38.0,20.0,15.0,15.0,9.0,,,,
16.11.2019,Unique Research,Profil,817.0,,38.0,19.0,17.0,16.0,9.0,,,,
21.11.2019,Research Affairs,Österreich,1002.0,15.-21.11.2019,38.0,20.0,14.0,16.0,9.0,,,,
28.11.2019,Research Affairs,Österreich,1002.0,22.-28.11.2019,38.0,18.0,14.0,16.0,10.0,,,,
05.12.2019,Research Affairs,Österreich,1002.0,29.11.-05.12.2019,38.0,17.0,14.0,16.0,10.0,,,,
13.12.2019,Research Affairs,Österreich,1001.0,06.-12.12.2019,38.0,17.0,14.0,16.0,9.0,,,,3.0
14.12.2019,Unique Research,Profil,800.0,,39.0,18.0,15.0,17.0,10.0,,,,
11.01.2020,Unique Research,Profil,806.0,06.01.-10.01.2020,38.0,16.0,16.0,17.0,10.0,,,,
16.01.2020,Karmasin,PULS 24,1000.0,10.01.-15.01.2020,39.0,17.0,15.0,17.0,9.0,,,,
16.01.2020,Research Affairs,Österreich,1002.0,10.-16.01.2020,39.0,16.0,13.0,17.0,10.0,,,,
31.01.2020,Hajek,ATV,802.0,27.-31.01.2020,46.0,17.0,10.0,16.0,7.0,,,,
10.02.2020,market,Standard,813.0,04.-06.02.2020,39.0,19.0,15.0,17.0,9.0,,,,
13.02.2020,Research Affairs,Österreich,1002.0,07.-12.02.2020,39.0,18.0,12.0,17.0,9.0,,,,4.0
15.02.2020,Unique Research,Profil,804.0,10.-14.02.2020,38.0,15.0,16.0,17.0,10.0,,,,
12.03.2020,Research Affairs,Österreich,1002.0,05.-11.03.2020,39.0,17.0,12.0,17.0,9.0,,,,4.0
02.04.2020,market,Standard,2000.0,24.-31.03.2020,43.0,19.0,11.0,19.0,7.0,,,,
07.04.2020,Research Affairs,Österreich,1000.0,02.-07.04.2020,41.0,18.0,10.0,19.0,7.0,,,,3.0
18.04.2020,Unique Research,Profil,806.0,,48.0,16.0,13.0,16.0,6.0,,,,
23.04.2020,market,Standard,1000.0,20.-22.04.2020,44.0,20.0,10.0,18.0,7.0,,,,
23.04.2020,Research Affairs,Österreich,1000.0,20.-23.04.2020,45.0,16.0,10.0,19.0,6.0,,,,2.0
07.05.2020,Research Affairs,Österreich,1000.0,04.-07.05.2020,45.0,17.0,10.0,18.0,6.0,,,,3.0
14.05.2020,Research Affairs,Österreich,1000.0,11.-13.05.2020,44.0,18.0,11.0,17.0,7.0,,,,2.0
15.05.2020,market,Standard,1000.0,11.-13.05.2020,44.0,21.0,11.0,14.0,6.0,,,,
16.05.2020,Unique Reserach,Profil,802.0,11.-14.05.2020,46.0,17.0,14.0,15.0,6.0,,,,
22.05.2020,market,Standard,1000.0,18.-19.05.2020,43.0,21.0,12.0,17.0,6.0,,,,1.0
30.05.2020,Research Affairs,Österreich,1002.0,25.-28.05.2020,43.0,18.0,12.0,16.0,7.0,,,,3.0
11.06.2020,Research Affairs,Österreich,1000.0,05.-10.06.2020,42.0,19.0,12.0,16.0,7.0,,,,3.0
13.06.2020,Unique Research,Profil,817.0,09.-12.06.2020,44.0,17.0,14.0,16.0,8.0,,,,
25.06.2020,Research Affairs,Österreich,1003.0,22.-24.06.2020,42.0,19.0,11.0,15.0,8.0,,,,3.0
09.07.2020,Research Affairs,Österreich,503.0,06.-09.07.2020,41.0,20.0,11.0,15.0,8.0,,,,3.0
18.07.2020,Unique Research,Profil,801.0,13.-16.07.2020,41.0,19.0,15.0,16.0,8.0,,,,
22.07.2020,Research Affairs,Österreich,500.0,20.-22.07.2020,42.0,19.0,11.0,15.0,8.0,,,,4.0
06.08.2020,Research Affairs,Österreich,1000.0,03.0608.2020,41.0,18.0,12.0,15.0,9.0,,,,3.0
15.08.2020,Unique Research,Profil,806.0,10.-13.08.2020,41.0,18.0,15.0,16.0,9.0,,,,
20.08.2020,Research Affairs,Österreich,1000.0,17.-20.08.2020,41.0,18.0,13.0,15.0,8.0,,,,3.0
24.08.2020,market,Standard,810.0,17.-19.08.2020,41.0,21.0,14.0,16.0,7.0,,,,1.0
27.08.2020,Research Affairs,Österreich,1000.0,25.-27.08.2020,41.0,19.0,13.0,14.0,8.0,,,,4.0
04.09.2020,Research Affairs,Österreich,1000.0,31.08.-02.09.2020,42.0,18.0,13.0,14.0,8.0,,,,4.0
10.09.2020,Research Affairs,Österreich,1000.0,08.10.09.2020,42.0,19.0,12.0,13.0,8.0,,,,4.0
17.09.2020,Research Affairs,Österreich,1000.0,14.-16.09.2020,42.0,19.0,12.0,12.0,9.0,,,,5.0
19.09.2020,Unique Research,Profil,804.0,14.-18.09.2020,39.0,20.0,16.0,16.0,8.0,,,,
25.09.2020,Research Affairs,Österreich,506.0,21.-24.09.2020,41.0,20.0,12.0,12.0,9.0,,,,4.0
01.10.2020,Research Affairs,Österreich,500.0,28.-30.09.2020,41.0,20.0,11.0,12.0,9.0,,,,5.0
08.10.2020,Research Affairs,Österreich,507.0,06.-08.10.2020,41.0,19.0,11.0,12.0,9.0,,,,6.0
17.10.2020,Unique Research,Profil,804.0,12.-16.10.2020,40.0,22.0,13.0,13.0,9.0,,,,
22.10.2020,Research Affairs,Österreich,1000.0,20.-22.10.2020,41.0,21.0,10.0,12.0,10.0,,,,
25.10.2020,OGM,Kurier,2000.0,,40.0,23.0,11.0,16.0,8.0,,,,
29.10.2020,Research Affairs,Österreich,1000.0,27.-29.10.2020,40.0,22.0,10.0,11.0,10.0,,,,
07.11.2020,Unique Research,Profil,804.0,02.-06.11.2020,38.0,21.0,16.0,12.0,10.0,,,,
09.11.2020,Research Affairs,Österreich,500.0,05.-07.11.2020,41.0,22.0,11.0,11.0,10.0,,,,3.0
26.11.2020,Research Affairs,Österreich,501.0,17.-19.11.2020,41.0,22.0,12.0,11.0,10.0,,,,2.0
03.12.2020,Research Affairs,Österreich,508.0,30.11.-03.12.2020,40.0,20.0,13.0,10.0,11.0,,,,2.0
05.12.2020,Unique Research,Profil,814.0,30.11.-03.12.2020,40.0,20.0,15.0,13.0,10.0,,,,
05.12.2020,market,Standard,800.0,30.11.-02.12.2020,39.0,23.0,14.0,14.0,8.0,,,,2.0
13.12.2020,Hajek,ATV,800.0,,39.0,22.0,16.0,13.0,9.0,,,,
20.12.2020,OGM,Kurier,794.0,15.-17.12.2020,40.0,23.0,13.0,13.0,9.0,,,,
28.12.2020,market,Standard,809.0,17.-21.12.2020,39.0,23.0,13.0,14.0,9.0,,,,
07.01.2021,Research Affairs,Österreich,1000.0,04.-07.01.2021,39.0,23.0,16.0,9.0,9.0,,,,4.0
16.01.2021,Unique Research,Profil,800.0,11.-14.01.2021,37.0,22.0,16.0,14.0,10.0,,,,
21.01.2021,Research Affairs,Österreich,509.0,04.-07.01.2021,39.0,24.0,16.0,9.0,9.0,,,,
04.02.2021,Research Affairs,Österreich,500.0,18.-21.01.2021,39.0,24.0,15.0,9.0,10.0,,,,
07.02.2021,IFDD,Kronen Zeitung,,,35.0,24.0,18.0,10.0,11.0,,,,
11.02.2021,Research Affairs,Österreich,500.0,08.-11.02.2021,38.0,24.0,16.0,9.0,10.0,,,,
13.02.2021,Unique Research,Profil,800.0,08.-11.02.2021,36.0,23.0,17.0,10.0,11.0,,,,
18.02.2021,Research Affairs,Österreich,502.0,08.-11.02.2021,37.0,24.0,17.0,8.0,10.0,,,,
21.02.2021,market,Standard,1000.0,15.-17.02.2021,37.0,25.0,14.0,12.0,10.0,,,,
25.02.2021,Research Affairs,Österreich,508.0,15.-18.02.2021,37.0,24.0,17.0,9.0,9.0,,,,
04.03.2021,Research Affairs,Österreich,501.0,23.-28.02.2021,37.0,23.0,17.0,9.0,10.0,,,,
06.03.2021,Unique Research,Profil,800.0,01.-04.03.2021,35.0,24.0,17.0,10.0,12.0,,,,
11.03.2021,Research Affairs,Österreich,510.0,02.-04.03.2021,37.0,23.0,16.0,9.0,11.0,,,,
14.03.2021,Hajek,ATV,800.0,08.-11.03.2021,35.0,25.0,17.0,10.0,11.0,,,,
18.03.2021,Research Affairs,Österreich,511.0,09.-11.03.2021,37.0,24.0,16.0,9.0,10.0,,,,
26.03.2021,Research Affairs,Österreich,504.0,15.-17.03.2021,36.0,22.0,17.0,9.0,11.0,,,,
26.03.2021,Unique Research,Heute,800.0,22.-25.03.2021,36.0,23.0,18.0,11.0,11.0,,,,
31.03.2021,IFDD,PULS 24,802.0,24.-30.03.2021,34.0,24.0,18.0,10.0,11.0,,,,
01.04.2021,Research Affairs,Österreich,501.0,23.-25.03.2021,36.0,21.0,18.0,9.0,12.0,,,,
03.04.2021,OGM,Kurier,801.0,30.03.-01.04.2021,35.0,24.0,17.0,11.0,10.0,,,,
06.04.2021,market,Standard,800.0,26.30.03.2021,36.0,26.0,15.0,12.0,10.0,,,,
08.04.2021,Research Affairs,Österreich,502.0,30.03.-01.04.2021,35.0,21.0,18.0,10.0,12.0,,,,
10.04.2021,Unique Research,Profil,800.0,04.-08.04.2021,33.0,24.0,19.0,12.0,10.0,,,,
15.04.2021,Research Affairs,Österreich,500.0,06.-08.04.2021,36.0,21.0,18.0,11.0,11.0,,,,
22.04.2021,Research Affairs,Österreich,509.0,13.-15.04.2021,36.0,21.0,16.0,12.0,11.0,,,,
29.04.2021,Research Affairs,Österreich,507.0,20.-22.04.2021,36.0,20.0,16.0,12.0,12.0,,,,
06.05.2021,Research Affairs,Österreich,511.0,27.-29.04.2021,36.0,21.0,17.0,12.0,11.0,,,,
13.05.2021,Research Affairs,Österreich,504.0,04.-06.05.2021,35.0,22.0,17.0,12.0,11.0,,,,
15.05.2021,Unique Research,Profil,800.0,10.-12.05.2021,34.0,23.0,18.0,12.0,10.0,,,,
20.05.2021,Demox,ÖVP,1000.0,,33.0,23.0,18.0,12.0,11.0,,,,3.0
20.05.2021,Research Affairs,Österreich,500.0,11.-13.05.2021,34.0,22.0,17.0,11.0,12.0,,,,
27.05.2021,Research Affairs,Österreich,523.0,18.-20.05.2021,34.0,23.0,16.0,11.0,12.0,,,,
31.05.2021,market,Market&Lazarsfeld,5000.0,26.04.-30.05.2021,29.0,28.0,20.0,10.0,11.0,,,,
04.06.2021,Research Affairs,Österreich,508.0,25.-27.05.2021,35.0,24.0,15.0,11.0,12.0,,,,
10.06.2021,Research Affairs,Österreich,506.0,31.05.-02.06.2021,35.0,23.0,14.0,12.0,12.0,,,,
11.06.2021,market,Standard,841.0,08.-10.06.2021,32.0,27.0,16.0,13.0,11.0,,,,1.0
12.06.2021,Unique Research,Profil,800.0,07.-10.06.2021,33.0,23.0,18.0,13.0,11.0,,,,
16.06.2021,IFDD,PULS 24,586.0,10.-15.06.2021,32.0,27.0,18.0,11.0,11.0,,,,
17.06.2021,Research Affairs,Österreich,502.0,08.-10.06.2021,35.0,22.0,15.0,12.0,11.0,,,,
24.06.2021,Research Affairs,Österreich,500.0,22.-24.06.2021,34.0,23.0,16.0,12.0,11.0,,,,
25.06.2021,Hajek,ATV,800.0,21.-24.06.2021,34.0,23.0,18.0,11.0,12.0,,,,
26.06.2021,Demox,Zur Sache,,,34.0,23.5,17.0,12.0,11.0,,,,
27.06.2021,OGM,Kurier,801.0,22.-24.06.2021,33.0,25.0,18.0,11.0,11.0,,,,
01.07.2021,Research Affairs,Österreich,508.0,28.06.-01.07.2021,34.0,22.0,16.0,11.0,12.0,,,,
02.07.2021,Unique Resarch,Heute,800.0,28.06.-01.07.2021,35.0,22.0,17.0,13.0,12.0,,,,
05.07.2021,market,Standard,820.0,29.-30.06.2021,31.0,26.0,17.0,13.0,11.0,,,,
05.07.2021,IFDD,Puls24,806.0,28.06.-02.07.2021,33.0,24.0,18.0,12.0,12.0,,,,
08.07.2021,Research Affairs,Österreich,508.0,05.-08.07.2021,35.0,21.0,17.0,11.0,12.0,,,,
12.07.2021,Unique Resarch,profil,800.0,05.-08.07.2021,34.0,22.0,17.0,12.0,12.0,,,,
15.07.2021,market,Market&Lazarsfeld,1000.0,05.-11.07.2021,33.0,25.0,17.0,12.0,11.0,,,,2.0
15.07.2021,Research Affairs,Österreich,504.0,13.-15.07.2021,35.0,20.0,18.0,11.0,12.0,,,,
24.07.2021,Research Affairs,Österreich,1000.0,20.-22.07.2021,35.0,20.0,18.0,12.0,11.0,,,,
26.07.2021,IFDD,Puls24,800.0,15.07.-21.07.2021,35.0,22.0,19.0,11.0,12.0,,,,
29.07.2021,Research Affairs,Österreich,504.0,27.-29.07.2021,35.0,20.0,17.0,12.0,12.0,,,,
05.08.2021,Research Affairs,Österreich,500.0,03.-05.08.2021,35.0,21.0,17.0,11.0,12.0,,,,
07.08.2021,Unique Resarch,profil,800.0,02.-05.08.2021,35.0,21.0,19.0,12.0,11.0,,,,
09.08.2021,Unique Research,Profil,800.0,02.-05.08.2021,35.0,21.0,19.0,12.0,11.0,,,,
12.08.2021,Research Affairs,Österreich,506.0,10.-12.08.2021,34.0,21.0,18.0,10.0,12.0,,,,
16.08.2021,market,Standard,805.0,06.-11.08.2021,31.0,25.0,18.0,13.0,11.0,,,,
19.08.2021,Research Affairs,Österreich,506.0,17.-19.08.2021,34.0,21.0,19.0,11.0,11.0,,,,
27.08.2021,Research Affairs,Österreich,500.0,24.-26.08.2021,34.0,21.0,19.0,10.0,12.0,,,,
01.09.2021,Research Affairs,Österreich,500.0,30.08.-01.09.2021,35.0,22.0,19.0,10.0,11.0,,,,
09.09.2021,Research Affairs,Österreich,502.0,06.-08.09.2021,35.0,22.0,18.0,11.0,11.0,,,,
12.09.2021,OGM,Kurier,804.0,07.-09.2021,34.0,24.0,18.0,12.0,11.0,,,,
16.09.2021,Research Affairs,Österreich,500.0,14.-16.09.2021,35.0,23.0,18.0,10.0,11.0,,,,
18.09.2021,Unique Resarch,profil,800.0,13.-16.09.2021,35.0,21.0,19.0,12.0,11.0,,,,
23.09.2021,Research Affairs,Österreich,513.0,21.-23.09.2021,35.0,24.0,17.0,10.0,10.0,,,,
30.09.2021,Research Affairs,Österreich,521.0,28.-30.09.2021,35.0,23.0,17.0,11.0,10.0,,,,
13.10.2021,market,Standard,800.0,11.-12.10.2021,27.0,25.0,21.0,11.0,13.0,,,,3.0
15.10.2021,Unique Research,profil,800.0,12.-15.10.2021,25.0,25.0,19.0,14.0,11.0,,,,3.0
17.10.2021,OGM,Kurier,1170.0,12.-15.10.2021,26.0,24.0,21.0,12.0,12.0,,,,5.0
24.10.2021,Hajek,ATV,800.0,18.-21.10.2021,23.0,23.0,20.0,16.0,12.0,,,,4.0
10.11.2021,market,Market&Lazarsfeld,,,26.0,24.0,22.0,11.0,13.0,,,,3.0
12.11.2021,Unique Resarch,heute,512.0,,24.0,25.0,18.0,13.0,11.0,,,,9.0
27.11.2021,OGM,Kurier,837.0,23.-25.11.2021,23.0,26.0,21.0,12.0,12.0,,,,
09.12.2021,IFDD,Puls24,800.0,06.-0.9.12.2021,23.0,26.0,20.0,12.0,12.0,,,,
